player,team,matches,innings,balls_bowled,runs_conceded,wickets,bowling_average,economy_rate,strike_rate,3w_hauls,4w_hauls,5w_hauls,best_bowling
A Ashish Reddy,"SRH, DEC",31,20,262,396,18,22.0,9.07,14.56,1,0,0,BB: 3/25
A Badoni,LSG,56,7,35,49,4,12.25,8.4,8.75,0,0,0,BB: 2/4
A Chandila,RR,12,12,234,242,11,22.0,6.21,21.27,0,1,0,BB: 4/13
A Chopra,KKR,7,0,0,0,0,-,0.0,-,0,0,0,-
A Choudhary,RCB,5,5,101,144,5,28.8,8.55,20.2,0,0,0,BB: 2/17
A Dananjaya,MI,1,1,24,47,0,0.0,11.75,0.0,0,0,0,
A Flintoff,CSK,3,3,66,105,2,52.5,9.55,33.0,0,0,0,BB: 1/11
A Kamboj,"MI, CSK",11,11,189,286,10,28.6,9.08,18.9,1,0,0,BB: 3/13
A Kumble,RCB,42,42,965,1058,45,23.51,6.58,21.44,2,2,1,BB: 5/5
A Manohar,"SRH, GT",27,0,0,0,0,-,0.0,-,0,0,0,-
A Mhatre,CSK,7,0,0,0,0,-,0.0,-,0,0,0,-
A Mishra,"DD, DEC, LSG, SRH, DC",162,162,3371,4145,174,23.82,7.38,19.37,12,4,1,BB: 5/17
A Mithun,RCB,16,16,288,472,7,67.43,9.83,41.14,0,0,0,BB: 2/37
A Mukund,"RCB, CSK",3,0,0,0,0,-,0.0,-,0,0,0,-
A Nehra,"DD, PWI, MI, CSK, SRH",88,88,1908,2495,106,23.54,7.85,18.0,13,1,0,BB: 4/10
A Nel,MI,1,1,18,31,1,31.0,10.33,18.0,0,0,0,BB: 1/31
A Nortje,"KKR, DC",48,48,1096,1657,61,27.16,9.07,17.97,4,0,0,BB: 3/33
A Raghuvanshi,KKR,22,0,0,0,0,-,0.0,-,0,0,0,-
A Singh,RR,23,23,473,620,28,22.14,7.86,16.89,2,1,0,BB: 4/19
A Symonds,"DEC, MI",39,30,527,674,20,33.7,7.67,26.35,1,0,0,BB: 3/21
A Tomar,KKR,1,0,0,0,0,-,0.0,-,0,0,0,-
A Uniyal,RR,2,2,36,66,2,33.0,11.0,18.0,0,0,0,BB: 2/41
A Zampa,"SRH, RPS, RR, RCB",22,22,467,652,31,21.03,8.38,15.06,2,0,1,BB: 6/19
AA Bilakhia,DEC,7,0,0,0,0,-,0.0,-,0,0,0,-
AA Chavan,RR,13,13,248,326,8,40.75,7.89,31.0,0,0,0,BB: 2/23
AA Jhunjhunwala,"DEC, PWI, RR",21,10,85,129,1,129.0,9.11,85.0,0,0,0,BB: 1/13
AA Kazi,RCB,1,1,12,21,0,0.0,10.5,0.0,0,0,0,
AA Kulkarni,LSG,2,0,0,0,0,-,0.0,-,0,0,0,-
AA Noffke,RCB,1,1,24,40,1,40.0,10.0,24.0,0,0,0,BB: 1/40
AB Agarkar,"DD, KKR",42,42,782,1151,29,39.69,8.83,26.97,1,0,0,BB: 3/25
AB Barath,KXIP,3,0,0,0,0,-,0.0,-,0,0,0,-
AB Dinda,"DD, PWI, RPS, KKR, RCB",78,75,1516,2073,69,30.04,8.2,21.97,4,1,0,BB: 4/18
AB McDonald,"DD, RCB",10,10,186,261,11,23.73,8.42,16.91,0,0,0,BB: 2/37
AB de Villiers,"DD, RCB",183,0,0,0,0,-,0.0,-,0,0,0,-
AC Blizzard,MI,7,0,0,0,0,-,0.0,-,0,0,0,-
AC Gilchrist,"DEC, KXIP",80,1,1,0,1,0.0,0.0,1.0,0,0,0,BB: 1/0
AC Thomas,PWI,15,15,315,406,14,29.0,7.73,22.5,1,0,0,BB: 3/22
AC Voges,RR,9,7,54,76,0,0.0,8.44,0.0,0,0,0,
AD Hales,SRH,6,0,0,0,0,-,0.0,-,0,0,0,-
AD Mascarenhas,"RR, KXIP",13,13,308,356,19,18.74,6.94,16.21,1,0,1,BB: 5/25
AD Mathews,"DD, KKR, PWI",49,44,791,1079,27,39.96,8.18,29.3,1,1,0,BB: 4/19
AD Nath,"RCB, KXIP, GL",14,0,0,0,0,-,0.0,-,0,0,0,-
AD Russell,"DD, KKR",139,121,1806,2863,123,23.28,9.51,14.68,10,2,1,BB: 5/15
AF Milne,"MI, RCB, CSK",10,10,207,327,8,40.88,9.48,25.88,1,0,0,BB: 3/21
AG Murtaza,"PWI, MI",12,12,264,313,9,34.78,7.11,29.33,1,0,0,BB: 3/15
AG Paunikar,RR,5,0,0,0,0,-,0.0,-,0,0,0,-
AJ Finch,"DD, PWI, RR, MI, KXIP, SRH, KKR, RCB, GL",92,5,43,67,1,67.0,9.35,43.0,0,0,0,BB: 1/11
AJ Hosein,SRH,1,1,24,40,1,40.0,10.0,24.0,0,0,0,BB: 1/40
AJ Turner,"RR, LSG",6,0,0,0,0,-,0.0,-,0,0,0,-
AJ Tye,"LSG, RR, KXIP, GL",30,30,684,979,42,23.31,8.59,16.29,1,3,1,BB: 5/17
AK Markram,"SRH, LSG, PBKS",57,19,187,274,6,45.67,8.79,31.17,0,0,0,BB: 2/30
AL Menaria,RR,29,12,110,144,3,48.0,7.85,36.67,0,0,0,BB: 2/20
AM Nayar,"PWI, RR, MI, KXIP",60,19,229,322,9,35.78,8.44,25.44,1,0,0,BB: 3/13
AM Rahane,"RR, MI, CSK, RPS, KKR, DC",198,1,6,5,1,5.0,5.0,6.0,0,0,0,BB: 1/5
AM Salvi,DD,7,7,150,200,7,28.57,8.0,21.43,0,0,0,BB: 2/19
AN Ahmed,"MI, RCB",17,17,344,498,12,41.5,8.69,28.67,0,0,0,BB: 2/13
AN Ghosh,KKR,2,0,0,0,0,-,0.0,-,0,0,0,-
AP Dole,RR,3,3,66,112,5,22.4,10.18,13.2,0,0,0,BB: 2/36
AP Majumdar,PWI,4,0,0,0,0,-,0.0,-,0,0,0,-
AP Tare,"Unknown, DD, SRH, MI",35,0,0,0,0,-,0.0,-,0,0,0,-
AR Bawne,DD,1,0,0,0,0,-,0.0,-,0,0,0,-
AR Patel,"Unknown, DC, KXIP",163,160,3315,4071,128,31.8,7.37,25.9,3,1,0,BB: 4/21
AS Joseph,"GT, MI, RCB",22,22,434,691,21,32.9,9.55,20.67,0,0,1,BB: 6/12
AS Rajpoot,"KKR, RR, KXIP, CSK",29,29,529,814,24,33.92,9.23,22.04,1,0,1,BB: 5/14
AS Raut,RR,22,5,30,44,0,0.0,8.8,0.0,0,0,0,
AS Roy,"Unknown, KKR, MI",11,10,160,218,6,36.33,8.17,26.67,0,0,0,BB: 2/19
AS Yadav,DEC,8,0,0,0,0,-,0.0,-,0,0,0,-
AT Carey,DC,3,0,0,0,0,-,0.0,-,0,0,0,-
AT Rayudu,"MI, CSK",204,0,0,0,0,-,0.0,-,0,0,0,-
AU Rashid,"SRH, PBKS",3,3,60,91,2,45.5,9.1,30.0,0,0,0,BB: 2/23
AUK Pathan,RCB,8,3,39,63,0,0.0,9.69,0.0,0,0,0,
AV Wankhade,Unknown,0,0,0,0,0,-,0.0,-,0,0,0,-
Abdul Basith,RR,1,0,0,0,0,-,0.0,-,0,0,0,-
Abdul Samad,"SRH, LSG",63,6,56,119,2,59.5,12.75,28.0,0,0,0,BB: 1/41
Abdur Razzak,RCB,1,1,12,29,0,0.0,14.5,0.0,0,0,0,
Abhishek Sharma,"DD, SRH",77,32,336,501,11,45.55,8.95,30.55,0,0,0,BB: 2/4
Abishek Porel,DC,32,0,0,0,0,-,0.0,-,0,0,0,-
Akash Deep,"RCB, LSG",14,14,278,548,10,54.8,11.83,27.8,1,0,0,BB: 3/45
Akash Madhwal,"RR, MI",17,17,352,590,23,25.65,10.06,15.3,3,1,1,BB: 5/5
Akash Singh,"LSG, RR, CSK",10,10,205,326,9,36.22,9.54,22.78,0,0,0,BB: 2/40
Aman Hakim Khan,"KKR, DC",12,1,6,13,0,0.0,13.0,0.0,0,0,0,
Anand Rajan,"SRH, DEC",8,8,149,201,8,25.12,8.09,18.62,1,0,0,BB: 3/27
Aniket Verma,SRH,14,0,0,0,0,-,0.0,-,0,0,0,-
Anirudh Singh,DEC,5,0,0,0,0,-,0.0,-,0,0,0,-
Ankit Sharma,"SRH, RPS, RR, DEC",22,21,367,450,12,37.5,7.36,30.58,0,0,0,BB: 2/20
Ankit Soni,GL,7,6,109,144,2,72.0,7.93,54.5,0,0,0,BB: 1/16
Anmolpreet Singh,"Unknown, SRH, MI",9,0,0,0,0,-,0.0,-,0,0,0,-
Anuj Rawat,"RR, RCB",24,0,0,0,0,-,0.0,-,0,0,0,-
Anureet Singh,"KKR, RR, KXIP",23,22,412,623,18,34.61,9.07,22.89,1,0,0,BB: 3/23
Arjun Tendulkar,MI,5,5,73,114,3,38.0,9.37,24.33,0,0,0,BB: 1/9
Arshad Khan,"GT, MI, LSG",18,18,260,497,12,41.42,11.47,21.67,1,0,0,BB: 3/39
Arshad Khan (2),LSG,1,1,12,24,0,0.0,12.0,0.0,0,0,0,
Arshdeep Singh,"KXIP, PBKS",83,81,1714,2570,97,26.49,9.0,17.67,8,2,1,BB: 5/32
Ashok Sharma,Unknown,0,0,0,0,0,-,0.0,-,0,0,0,-
Ashutosh Sharma,"DC, PBKS",24,0,0,0,0,-,0.0,-,0,0,0,-
Ashwani Kumar,MI,7,7,123,232,11,21.09,11.32,11.18,0,1,0,BB: 4/24
Atharva Taide,"SRH, PBKS",10,1,1,4,0,0.0,24.0,0.0,0,0,0,
Avesh Khan,"DD, RR, LSG, DC, RCB",75,75,1619,2461,87,28.29,9.12,18.61,10,1,0,BB: 4/24
Azhar Mahmood,"KKR, KXIP",23,23,537,700,29,24.14,7.82,18.52,4,0,0,BB: 3/20
Azmatullah Omarzai,"GT, PBKS",17,15,288,465,12,38.75,9.69,24.0,0,0,0,BB: 2/27
B Akhil,"KTK, RCB",15,13,188,242,6,40.33,7.72,31.33,0,0,0,BB: 2/17
B Aparajith,Unknown,0,0,0,0,0,-,0.0,-,0,0,0,-
B Chipli,"DD, DEC, RCB",23,1,6,20,0,0.0,20.0,0.0,0,0,0,
B Geeves,DD,2,2,48,91,1,91.0,11.38,48.0,0,0,0,BB: 1/50
B Indrajith,KKR,3,0,0,0,0,-,0.0,-,0,0,0,-
B Kumar,"SRH, PWI, RCB",190,190,4222,5412,198,27.33,7.69,21.32,12,2,2,BB: 5/19
B Laughlin,"RR, CSK",9,9,168,282,10,28.2,10.07,16.8,0,0,0,BB: 2/15
B Lee,"KKR, KXIP",38,38,875,1095,25,43.8,7.51,35.0,1,0,0,BB: 3/15
B Sai Sudharsan,GT,40,0,0,0,0,-,0.0,-,0,0,0,-
B Stanlake,"SRH, RCB",6,6,144,200,7,28.57,8.33,20.57,0,0,0,BB: 2/29
B Sumanth,DEC,5,0,0,0,0,-,0.0,-,0,0,0,-
BA Bhatt,KXIP,17,15,296,397,12,33.08,8.05,24.67,0,1,0,BB: 4/22
BA Stokes,"RPS, RR, CSK",45,38,689,992,28,35.43,8.64,24.61,3,0,0,BB: 3/18
BAW Mendis,"KKR, PWI",10,10,240,285,8,35.62,7.12,30.0,0,0,0,BB: 2/19
BB McCullum,"RCB, CSK, KKR, KTK, GL",109,0,0,0,0,-,0.0,-,0,0,0,-
BB Samantray,"SRH, DEC",9,0,0,0,0,-,0.0,-,0,0,0,-
BB Sran,"SRH, RR, MI, KXIP",24,24,483,757,19,39.84,9.4,25.42,1,0,0,BB: 3/28
BCJ Cutting,"SRH, RR, MI",21,17,281,429,10,42.9,9.16,28.1,0,0,0,BB: 2/20
BE Hendricks,KXIP,7,7,150,235,9,26.11,9.4,16.67,1,0,0,BB: 3/36
BJ Haddin,KKR,1,0,0,0,0,-,0.0,-,0,0,0,-
BJ Hodge,"KKR, RR, KTK",66,20,234,303,17,17.82,7.77,13.76,1,1,0,BB: 4/13
BJ Rohrer,DD,8,1,6,12,0,0.0,12.0,0.0,0,0,0,
BKG Mendis,GT,1,0,0,0,0,-,0.0,-,0,0,0,-
BMAJ Mendis,DD,3,2,30,36,1,36.0,7.2,30.0,0,0,0,BB: 1/16
BR Dunk,MI,3,0,0,0,0,-,0.0,-,0,0,0,-
BR Sharath,GT,1,0,0,0,0,-,0.0,-,0,0,0,-
BW Hilfenhaus,CSK,17,17,372,479,22,21.77,7.73,16.91,1,0,0,BB: 3/27
Basil Thampi,"SRH, MI, GL",25,25,521,846,22,38.45,9.74,23.68,2,0,0,BB: 3/29
Bipul Sharma,"SRH, KXIP",33,28,426,572,17,33.65,8.06,25.06,0,0,0,BB: 2/32
C Bosch,MI,3,2,42,55,1,55.0,7.86,42.0,0,0,0,BB: 1/26
C Ganapathy,CSK,1,1,6,13,0,0.0,13.0,0.0,0,0,0,
C Green,"MI, RCB",29,29,439,664,17,39.06,9.08,25.82,0,0,0,BB: 2/41
C Madan,MI,1,0,0,0,0,-,0.0,-,0,0,0,-
C Munro,"DD, KKR, DC",13,2,12,15,0,0.0,7.5,0.0,0,0,0,
C Nanda,MI,3,3,48,57,2,28.5,7.12,24.0,0,0,0,BB: 1/4
C Sakariya,"KKR, RR, DC",20,20,444,638,20,31.9,8.62,22.2,2,0,0,BB: 3/31
C de Grandhomme,"KKR, RCB",25,19,216,319,6,53.17,8.86,36.0,1,0,0,BB: 3/4
CA Ingram,"DD, DC",15,0,0,0,0,-,0.0,-,0,0,0,-
CA Lynn,"DEC, KKR, MI",42,0,0,0,0,-,0.0,-,0,0,0,-
CA Pujara,"KKR, KXIP, RCB",30,0,0,0,0,-,0.0,-,0,0,0,-
CH Gayle,"KKR, KXIP, RCB, PBKS",141,38,554,729,18,40.5,7.9,30.78,1,0,0,BB: 3/21
CH Morris,"DD, RR, CSK, DC, RCB",81,81,1720,2295,95,24.16,8.01,18.11,8,4,0,BB: 4/26
CJ Anderson,"DD, MI, RCB",30,22,297,518,11,47.09,10.46,27.0,0,0,0,BB: 2/47
CJ Dala,DD,1,1,18,34,0,0.0,11.33,0.0,0,0,0,
CJ Ferguson,PWI,9,0,0,0,0,-,0.0,-,0,0,0,-
CJ Green,KKR,1,1,17,24,0,0.0,8.47,0.0,0,0,0,
CJ Jordan,"RCB, MI, PBKS, CSK, SRH, KXIP",34,34,668,1070,30,35.67,9.61,22.27,2,1,0,BB: 4/11
CJ McKay,MI,2,2,42,60,1,60.0,8.57,42.0,0,0,0,BB: 1/36
CK Kapugedera,CSK,5,3,17,49,0,0.0,17.29,0.0,0,0,0,
CK Langeveldt,"KKR, RCB",7,7,156,187,13,14.38,7.19,12.0,1,0,0,BB: 3/15
CL White,"SRH, DEC, RCB",47,6,42,86,1,86.0,12.29,42.0,0,0,0,BB: 1/14
CM Gautam,"DD, MI",13,0,0,0,0,-,0.0,-,0,0,0,-
CR Brathwaite,"DD, KKR, SRH",16,16,254,379,13,29.15,8.95,19.54,1,0,0,BB: 3/47
CR Woakes,"KKR, DC, RCB",21,21,440,658,30,21.93,8.97,14.67,3,0,0,BB: 3/6
CRD Fernando,MI,10,10,234,298,17,17.53,7.64,13.76,0,1,0,BB: 4/18
CV Varun,"KKR, KXIP",83,83,1888,2385,100,23.85,7.58,18.88,7,1,1,BB: 5/20
D Brevis,"MI, CSK",16,1,3,8,1,8.0,16.0,3.0,0,0,0,BB: 1/8
D Ferreira,"Unknown, RR, DC",3,0,0,0,0,-,0.0,-,0,0,0,-
D Jansen,MI,1,1,24,53,1,53.0,13.25,24.0,0,0,0,BB: 1/53
D Kalyankrishna,DEC,3,3,48,87,2,43.5,10.88,24.0,0,0,0,BB: 1/30
D Padikkal,"RR, RCB, LSG",74,0,0,0,0,-,0.0,-,0,0,0,-
D Pretorius,CSK,7,7,150,238,6,39.67,9.52,25.0,0,0,0,BB: 2/30
D Salunkhe,RR,6,5,47,78,1,78.0,9.96,47.0,0,0,0,BB: 1/21
D Wiese,"KKR, RCB",18,15,296,440,16,27.5,8.92,18.5,0,1,0,BB: 4/33
D du Preez,RCB,2,2,42,56,4,14.0,8.0,10.5,1,0,0,BB: 3/32
DA Miller,"RR, GT, KXIP, LSG",141,0,0,0,0,-,0.0,-,0,0,0,-
DA Warner,"SRH, DD, DC",184,1,1,2,0,0.0,12.0,0.0,0,0,0,
DAJ Bracewell,DD,1,1,24,32,3,10.67,8.0,8.0,1,0,0,BB: 3/32
DB Das,KKR,31,0,0,0,0,-,0.0,-,0,0,0,-
DB Ravi Teja,"SRH, DEC",32,2,18,28,1,28.0,9.33,18.0,0,0,0,BB: 1/19
DE Bollinger,CSK,27,27,576,693,38,18.24,7.22,15.16,3,1,0,BB: 4/13
DG Nalkande,GT,6,6,84,148,6,24.67,10.57,14.0,0,0,0,BB: 2/37
DH Yagnik,RR,25,0,0,0,0,-,0.0,-,0,0,0,-
DJ Bravo,"GL, MI, CSK",160,158,3120,4360,183,23.83,8.38,17.05,14,2,0,BB: 4/42
DJ Harris,DEC,4,2,18,26,0,0.0,8.67,0.0,0,0,0,
DJ Hooda,"RR, LSG, PBKS, CSK, SRH, KXIP",125,34,379,546,10,54.6,8.64,37.9,0,0,0,BB: 2/16
DJ Hussey,"KKR, KXIP, CSK",64,26,317,474,8,59.25,8.97,39.62,0,0,0,BB: 2/2
DJ Jacobs,MI,7,0,0,0,0,-,0.0,-,0,0,0,-
DJ Malan,PBKS,1,0,0,0,0,-,0.0,-,0,0,0,-
DJ Mitchell,"RR, CSK",15,4,48,97,1,97.0,12.12,48.0,0,0,0,BB: 1/18
DJ Muthuswami,DD,6,6,84,101,4,25.25,7.21,21.0,0,0,0,BB: 2/18
DJ Thornely,MI,6,4,42,40,3,13.33,5.71,14.0,0,0,0,BB: 2/7
DJ Willey,"RCB, CSK",11,11,216,272,6,45.33,7.56,36.0,0,0,0,BB: 2/16
DJG Sammy,"SRH, RCB",22,19,236,350,11,31.82,8.9,21.45,0,1,0,BB: 4/22
DJM Short,RR,7,2,18,19,1,19.0,6.33,18.0,0,0,0,BB: 1/10
DL Chahar,"RPS, MI, CSK",95,95,1915,2597,88,29.51,8.14,21.76,5,2,0,BB: 4/13
DL Vettori,"DD, RCB",34,34,777,879,28,31.39,6.79,27.75,2,0,0,BB: 3/15
DM Bravo,KKR,1,0,0,0,0,-,0.0,-,0,0,0,-
DNT Zoysa,DEC,3,3,66,99,2,49.5,9.0,33.0,0,0,0,BB: 1/30
DP Conway,CSK,29,0,0,0,0,-,0.0,-,0,0,0,-
DP Nannes,"DD, RCB, CSK",29,29,646,785,28,28.04,7.29,23.07,2,0,0,BB: 3/27
DP Vijaykumar,DEC,9,9,152,199,4,49.75,7.86,38.0,0,0,0,BB: 1/17
DPMD Jayawardene,"DD, KTK, KXIP",80,0,0,0,0,-,0.0,-,0,0,0,-
DR Martyn,RR,1,0,0,0,0,-,0.0,-,0,0,0,-
DR Sams,"Unknown, MI, DC, RCB",16,16,360,523,14,37.36,8.72,25.71,1,1,0,BB: 4/30
DR Shorey,CSK,2,0,0,0,0,-,0.0,-,0,0,0,-
DR Smith,"CSK, DEC, MI, GL",91,46,539,810,26,31.15,9.02,20.73,1,1,0,BB: 4/8
DS Kulkarni,"RR, MI, GL",92,92,1787,2474,86,28.77,8.31,20.78,6,1,0,BB: 4/14
DS Lehmann,RR,2,0,0,0,0,-,0.0,-,0,0,0,-
DS Rathi,LSG,13,13,312,429,14,30.64,8.25,22.29,0,0,0,BB: 2/30
DT Christian,"DD, RPS, DEC, RCB",49,49,883,1192,38,31.37,8.1,23.24,0,0,0,BB: 2/10
DT Patil,RCB,2,0,0,0,0,-,0.0,-,0,0,0,-
DW Steyn,"SRH, DEC, RCB, GL",95,95,2176,2508,97,25.86,6.92,22.43,8,0,0,BB: 3/27
Dhruv Jurel,RR,41,0,0,0,0,-,0.0,-,0,0,0,-
E Lewis,"RR, MI, LSG",27,0,0,0,0,-,0.0,-,0,0,0,-
E Malinga,SRH,7,7,160,238,13,18.31,8.92,12.31,1,0,0,BB: 3/31
EJG Morgan,"RCB, KKR, SRH, KXIP",83,0,0,0,0,-,0.0,-,0,0,0,-
ER Dwivedi,GL,4,0,0,0,0,-,0.0,-,0,0,0,-
F Behardien,KXIP,3,0,0,0,0,-,0.0,-,0,0,0,-
F du Plessis,"Unknown, CSK, RPS, DC, RCB",154,1,6,16,0,0.0,16.0,0.0,0,0,0,
FA Allen,"MI, PBKS",5,4,90,136,2,68.0,9.07,45.0,0,0,0,BB: 1/22
FH Edwards,DEC,6,6,140,154,5,30.8,6.6,28.0,0,0,0,BB: 2/27
FY Fazal,RR,12,2,12,20,0,0.0,10.0,0.0,0,0,0,
Fazalhaq Farooqi,"SRH, RR",12,12,254,437,6,72.83,10.32,42.33,0,0,0,BB: 2/32
G Coetzee,"GT, MI",14,14,273,472,15,31.47,10.37,18.2,1,1,0,BB: 4/34
G Gambhir,"DD, KKR",154,0,0,0,0,-,0.0,-,0,0,0,-
GB Hogg,"KKR, RR",21,21,458,570,23,24.78,7.47,19.91,1,1,0,BB: 4/29
GC Smith,"PWI, RR",29,0,0,0,0,-,0.0,-,0,0,0,-
GC Viljoen,KXIP,6,6,138,222,7,31.71,9.65,19.71,0,0,0,BB: 2/39
GD McGrath,DD,14,14,324,357,12,29.75,6.61,27.0,0,1,0,BB: 4/29
GD Phillips,"SRH, RR",8,4,30,40,2,20.0,8.0,15.0,0,0,0,BB: 1/17
GH Vihari,"SRH, DC",24,6,42,47,1,47.0,6.71,42.0,0,0,0,BB: 1/5
GHS Garton,RCB,5,5,90,135,3,45.0,9.0,30.0,0,0,0,BB: 1/27
GJ Bailey,"RPS, KXIP, CSK",40,0,0,0,0,-,0.0,-,0,0,0,-
GJ Maxwell,"DD, RCB, MI, PBKS, KXIP",141,85,1022,1413,41,34.46,8.3,24.93,0,0,0,BB: 2/15
GR Napier,MI,1,1,24,27,1,27.0,6.75,24.0,0,0,0,BB: 1/27
GS Sandhu,DD,3,2,48,82,1,82.0,10.25,48.0,0,0,0,BB: 1/33
Gagandeep Singh,KXIP,4,4,84,141,3,47.0,10.07,28.0,0,0,0,BB: 1/33
Gulbadin Naib,DC,2,1,6,12,0,0.0,12.0,0.0,0,0,0,
Gurkeerat Singh,"RCB, KXIP",41,6,78,97,5,19.4,7.46,15.6,0,0,0,BB: 2/17
Gurnoor Brar,PBKS,1,1,18,42,0,0.0,14.0,0.0,0,0,0,
H Das,DEC,1,0,0,0,0,-,0.0,-,0,0,0,-
H Klaasen,"SRH, RR, RCB",49,0,0,0,0,-,0.0,-,0,0,0,-
H Sharma,RCB,2,2,30,57,0,0.0,11.4,0.0,0,0,0,
HC Brook,SRH,11,0,0,0,0,-,0.0,-,0,0,0,-
HE van der Dussen,RR,3,0,0,0,0,-,0.0,-,0,0,0,-
HF Gurney,KKR,8,8,162,238,7,34.0,8.81,23.14,0,0,0,BB: 2/25
HH Gibbs,"DEC, MI",36,0,0,0,0,-,0.0,-,0,0,0,-
HH Pandya,"GT, MI",152,107,1628,2492,78,31.95,9.18,20.87,5,0,1,BB: 5/36
HM Amla,KXIP,16,0,0,0,0,-,0.0,-,0,0,0,-
HR Shokeen,MI,13,13,204,314,5,62.8,9.24,40.8,0,0,0,BB: 2/47
HV Patel,"DD, PBKS, SRH, DC, RCB",118,116,2424,3579,151,23.7,8.86,16.05,12,4,1,BB: 5/27
Harbhajan Singh,"KKR, MI, CSK",163,160,3416,4030,150,26.87,7.08,22.77,9,1,1,BB: 5/18
Harmeet Singh,"DEC, KXIP",28,28,549,731,27,27.07,7.99,20.33,2,0,0,BB: 3/24
Harpreet Brar,"KXIP, PBKS",49,46,811,1085,35,31.0,8.03,23.17,3,1,0,BB: 4/30
Harpreet Singh,"KKR, PWI, PBKS",9,0,0,0,0,-,0.0,-,0,0,0,-
Harsh Dubey,SRH,3,3,60,98,5,19.6,9.8,12.0,1,0,0,BB: 3/34
Harshit Rana,KKR,33,32,649,1029,40,25.72,9.51,16.23,3,0,0,BB: 3/24
Himmat Singh,LSG,3,0,0,0,0,-,0.0,-,0,0,0,-
I Malhotra,DEC,1,1,6,23,0,0.0,23.0,0.0,0,0,0,
I Sharma,"DEC, GT, SRH, RPS, KKR, DC, KXIP",117,117,2419,3377,96,35.18,8.38,25.2,3,0,1,BB: 5/12
I Udana,RCB,10,10,174,282,8,35.25,9.72,21.75,0,0,0,BB: 2/41
IC Pandey,"PWI, CSK",25,24,462,591,18,32.83,7.68,25.67,0,0,0,BB: 2/23
IC Porel,PBKS,1,1,24,39,1,39.0,9.75,24.0,0,0,0,BB: 1/39
IK Pathan,"DD, SRH, RPS, KXIP, GL",103,101,2043,2649,80,33.11,7.78,25.54,4,0,0,BB: 3/35
IR Jaggi,"DEC, KKR",7,0,0,0,0,-,0.0,-,0,0,0,-
IS Sodhi,RR,8,8,181,202,9,22.44,6.7,20.11,1,0,0,BB: 3/26
Imran Tahir,"DD, RPS, CSK",59,59,1316,1703,82,20.77,7.76,16.05,9,3,0,BB: 4/12
Iqbal Abdulla,"KKR, RR, RCB",49,48,920,1109,40,27.72,7.23,23.0,4,0,0,BB: 3/24
Ishan Kishan,"SRH, MI, GL",119,1,1,4,0,0.0,24.0,0.0,0,0,0,
J Arunkumar,RCB,3,0,0,0,0,-,0.0,-,0,0,0,-
J Botha,"DD, KKR, RR",34,34,694,800,25,32.0,6.92,27.76,1,0,0,BB: 3/6
J Fraser-McGurk,DC,15,0,0,0,0,-,0.0,-,0,0,0,-
J Little,GT,11,11,228,339,11,30.82,8.92,20.73,0,1,0,BB: 4/45
J Overton,CSK,3,3,36,83,0,0.0,13.83,0.0,0,0,0,
J Suchith,"Unknown, SRH, MI, DC",22,21,420,602,19,31.68,8.6,22.11,0,0,0,BB: 2/28
J Syed Mohammad,RCB,11,11,192,283,8,35.38,8.84,24.0,0,0,0,BB: 2/25
J Theron,"DEC, RR, KXIP",10,10,216,293,9,32.56,8.14,24.0,0,0,0,BB: 2/17
J Yadav,"DD, GT, MI",20,20,390,445,8,55.62,6.85,48.75,0,0,0,BB: 1/25
JA Morkel,"DD, RPS, RCB, CSK",90,87,1723,2359,85,27.75,8.21,20.27,4,1,0,BB: 4/32
JA Richardson,"DC, PBKS",4,4,90,157,3,52.33,10.47,30.0,0,0,0,BB: 2/41
JC Archer,"RR, MI",52,52,1218,1602,59,27.15,7.89,20.64,7,0,0,BB: 3/22
JC Buttler,"GT, RR, MI",121,0,0,0,0,-,0.0,-,0,0,0,-
JD Ryder,"PWI, RCB",29,16,236,303,8,37.88,7.7,29.5,0,0,0,BB: 2/14
JD Unadkat,"DD, RR, MI, LSG, SRH, RPS, KKR, RCB",112,111,2274,3364,111,30.31,8.88,20.49,9,0,2,BB: 5/30
JDP Oram,"RR, MI, CSK",18,14,237,349,9,38.78,8.84,26.33,1,0,0,BB: 3/32
JDS Neesham,"DD, RR, MI, KXIP",14,13,216,334,8,41.75,9.28,27.0,1,0,0,BB: 3/12
JE Root,RR,3,1,12,14,0,0.0,7.0,0.0,0,0,0,
JE Taylor,PWI,5,5,117,157,6,26.17,8.05,19.5,1,0,0,BB: 3/30
JEC Franklin,MI,20,15,151,220,9,24.44,8.74,16.78,0,0,0,BB: 2/35
JG Bethell,RCB,2,0,0,0,0,-,0.0,-,0,0,0,-
JH Kallis,"KKR, RCB",98,89,1742,2293,65,35.28,7.9,26.8,2,0,0,BB: 3/13
JJ Bumrah,MI,145,145,3337,4031,183,22.03,7.25,18.23,20,3,2,BB: 5/10
JJ Roy,"DD, KKR, SRH, GL",21,0,0,0,0,-,0.0,-,0,0,0,-
JJ van der Wath,RCB,3,3,72,129,3,43.0,10.75,24.0,0,0,0,BB: 2/49
JL Denly,KKR,1,0,0,0,0,-,0.0,-,0,0,0,-
JL Pattinson,MI,10,10,213,320,11,29.09,9.01,19.36,0,0,0,BB: 2/19
JM Bairstow,"SRH, MI, PBKS",52,0,0,0,0,-,0.0,-,0,0,0,-
JM Kemp,CSK,5,5,44,54,3,18.0,7.36,14.67,1,0,0,BB: 3/12
JM Sharma,"RCB, PBKS",55,0,0,0,0,-,0.0,-,0,0,0,-
JO Holder,"RR, LSG, CSK, SRH, KKR",46,46,995,1461,53,27.57,8.81,18.77,7,1,0,BB: 4/52
JP Behrendorff,MI,17,17,366,552,19,29.05,9.05,19.26,2,0,0,BB: 3/23
JP Duminy,"DD, DEC, MI",83,49,678,834,23,36.26,7.38,29.48,0,1,0,BB: 4/17
JP Faulkner,"PWI, RR, KXIP, GL",60,60,1227,1778,59,30.14,8.69,20.8,4,0,2,BB: 5/16
JP Inglis,PBKS,12,0,0,0,0,-,0.0,-,0,0,0,-
JPR Scantlebury-Searles,KKR,4,3,42,89,2,44.5,12.71,21.0,0,0,0,BB: 1/24
JR Hazlewood,"RCB, CSK",39,39,867,1196,57,20.98,8.28,15.21,6,2,0,BB: 4/25
JR Hopes,"DD, KXIP",21,20,360,548,14,39.14,9.13,25.71,0,0,0,BB: 2/2
JR Philippe,RCB,5,0,0,0,0,-,0.0,-,0,0,0,-
JW Hastings,"KKR, CSK",3,3,58,66,3,22.0,6.83,19.33,0,0,0,BB: 2/6
Jalaj S Saxena,PBKS,1,1,18,27,0,0.0,9.0,0.0,0,0,0,
Jaskaran Singh,DEC,8,7,102,171,6,28.5,10.06,17.0,0,0,0,BB: 2/18
Joginder Sharma,CSK,16,15,256,419,12,34.92,9.82,21.33,0,0,0,BB: 2/27
K Goel,KXIP,22,6,66,93,0,0.0,8.45,0.0,0,0,0,
K Gowtham,"Unknown, RR, KXIP, LSG",36,35,588,808,21,38.48,8.24,28.0,0,0,0,BB: 2/12
K Kartikeya,"RR, MI",16,16,282,407,12,33.92,8.66,23.5,0,0,0,BB: 2/22
K Khejroliya,"KKR, GT, RCB",8,8,139,246,6,41.0,10.62,23.17,0,0,0,BB: 2/33
K Rabada,"DD, GT, DC, PBKS",84,84,1902,2732,119,22.96,8.62,15.98,5,6,0,BB: 4/21
K Santokie,MI,2,2,48,90,3,30.0,11.25,16.0,0,0,0,BB: 2/50
K Upadhyay,PWI,3,3,54,81,0,0.0,9.0,0.0,0,0,0,
K Yadav,RR,3,3,54,84,2,42.0,9.33,27.0,0,0,0,BB: 1/18
KA Jamieson,"RCB, PBKS",13,13,258,416,14,29.71,9.67,18.43,2,0,0,BB: 3/41
KA Maharaj,RR,2,2,36,39,2,19.5,6.5,18.0,0,0,0,BB: 2/23
KA Pollard,MI,189,107,1488,2180,69,31.59,8.79,21.57,2,1,0,BB: 4/44
KAJ Roach,DEC,2,2,48,80,0,0.0,10.0,0.0,0,0,0,
KB Arun Karthik,"RCB, CSK",17,0,0,0,0,-,0.0,-,0,0,0,-
KC Cariappa,"KKR, KXIP",11,11,216,348,8,43.5,9.67,27.0,0,0,0,BB: 2/24
KC Sangakkara,"SRH, DEC, KXIP",71,0,0,0,0,-,0.0,-,0,0,0,-
KD Karthik,"DD, RCB, MI, KKR, KXIP, GL",257,0,0,0,0,-,0.0,-,0,0,0,-
KH Devdhar,DEC,1,0,0,0,0,-,0.0,-,0,0,0,-
KH Pandya,"MI, RCB, LSG",142,132,2398,2985,93,32.1,7.47,25.78,8,1,0,BB: 4/45
KJ Abbott,KXIP,5,5,96,177,2,88.5,11.06,48.0,0,0,0,BB: 1/38
KK Ahmed,"SRH, DC, CSK",71,71,1556,2328,89,26.16,8.98,17.48,9,0,0,BB: 3/30
KK Cooper,RR,25,25,576,757,33,22.94,7.89,17.45,4,1,0,BB: 4/26
KK Nair,"DD, RCB, RR, DC, KXIP",84,0,0,0,0,-,0.0,-,0,0,0,-
KL Nagarkoti,"KKR, DC",12,11,180,285,5,57.0,9.5,36.0,0,0,0,BB: 2/13
KL Rahul,"PBKS, KXIP, LSG, SRH, DC, RCB",146,0,0,0,0,-,0.0,-,0,0,0,-
KM Asif,"RR, CSK",7,7,133,231,7,33.0,10.42,19.0,0,0,0,BB: 2/43
KM Jadhav,"DD, RCB, CSK, SRH, KTK",95,0,0,0,0,-,0.0,-,0,0,0,-
KMA Paul,"Unknown, DC",8,8,163,237,9,26.33,8.72,18.11,2,0,0,BB: 3/17
KMDN Kulasekara,CSK,5,5,102,120,5,24.0,7.06,20.4,0,0,0,BB: 2/10
KP Appanna,RCB,13,13,216,286,9,31.78,7.94,24.0,0,1,0,BB: 4/19
KP Pietersen,"DD, RPS, RCB",36,13,174,215,7,30.71,7.41,24.86,0,0,0,BB: 2/31
KR Mayers,LSG,13,6,42,59,0,0.0,8.43,0.0,0,0,0,
KR Sen,RR,12,12,241,387,14,27.64,9.63,17.21,1,1,0,BB: 4/20
KS Bharat,"Unknown, DC, RCB",10,0,0,0,0,-,0.0,-,0,0,0,-
KS Rathore,RR,1,0,0,0,0,-,0.0,-,0,0,0,-
KS Sharma,LSG,3,0,0,0,0,-,0.0,-,0,0,0,-
KS Williamson,"SRH, GT",79,2,18,31,0,0.0,10.33,0.0,0,0,0,
KT Maphaka,"RR, MI",4,4,66,143,2,71.5,13.0,33.0,0,0,0,BB: 1/23
KV Sharma,"SRH, MI, RCB, CSK",90,87,1585,2215,84,26.37,8.38,18.87,5,2,0,BB: 4/16
KW Richardson,"PWI, RR, RCB",15,15,335,472,20,23.6,8.45,16.75,0,1,0,BB: 4/13
Kamran Akmal,RR,6,0,0,0,0,-,0.0,-,0,0,0,-
Kamran Khan,"PWI, RR",9,9,160,224,9,24.89,8.4,17.78,1,0,0,BB: 3/18
Karanveer Singh,KXIP,9,9,204,321,12,26.75,9.44,17.0,1,1,0,BB: 4/54
Karim Janat,GT,1,1,6,30,0,0.0,30.0,0.0,0,0,0,
Kartik Tyagi,"SRH, RR, GT",20,20,422,713,15,47.53,10.14,28.13,0,0,0,BB: 2/36
Kuldeep Yadav,"KKR, DC",99,96,2064,2778,102,27.24,8.08,20.24,5,4,0,BB: 4/20
Kumar Kushagra,DC,4,0,0,0,0,-,0.0,-,0,0,0,-
L Ablish,KXIP,3,3,42,75,3,25.0,10.71,14.0,0,0,0,BB: 2/17
L Balaji,"KKR, KXIP, CSK",73,73,1512,2028,76,26.68,8.05,19.89,3,3,1,BB: 5/24
L Ngidi,"RCB, CSK",16,16,372,529,29,18.24,8.53,12.83,4,1,0,BB: 4/10
L Ronchi,MI,5,0,0,0,0,-,0.0,-,0,0,0,-
L Wood,MI,2,2,36,93,1,93.0,15.5,36.0,0,0,0,BB: 1/68
LA Carseldine,RR,5,1,6,6,1,6.0,6.0,6.0,0,0,0,BB: 1/6
LA Pomersbach,"Unknown, RCB, KXIP",17,0,0,0,0,-,0.0,-,0,0,0,-
LB Williams,DC,2,2,36,72,1,72.0,12.0,36.0,0,0,0,BB: 1/38
LE Plunkett,DD,7,7,150,225,4,56.25,9.0,37.5,1,0,0,BB: 3/17
LH Ferguson,"PBKS, GT, RPS, KKR, RCB",49,49,1023,1530,51,30.0,8.97,20.06,3,1,0,BB: 4/28
LI Meriwala,DC,1,1,18,32,1,32.0,10.67,18.0,0,0,0,BB: 1/32
LJ Wright,PWI,7,6,71,124,2,62.0,10.48,35.5,0,0,0,BB: 1/12
LMP Simmons,MI,29,1,18,34,1,34.0,11.33,18.0,0,0,0,BB: 1/34
LPC Silva,DEC,3,1,6,21,0,0.0,21.0,0.0,0,0,0,
LR Shukla,"DD, KKR",47,27,314,447,15,29.8,8.54,20.93,2,0,0,BB: 3/6
LRPL Taylor,"DD, PWI, RR, RCB",55,2,12,24,0,0.0,12.0,0.0,0,0,0,
LS Livingstone,"RR, RCB, PBKS",49,27,312,469,13,36.08,9.02,24.0,1,0,0,BB: 3/27
Lalit Yadav,"Unknown, DC",27,19,288,425,10,42.5,8.85,28.8,0,0,0,BB: 2/13
Liton Das,KKR,1,0,0,0,0,-,0.0,-,0,0,0,-
M Ashwin,"RCB, RR, MI, PBKS, RPS, KXIP",44,44,870,1162,35,33.2,8.01,24.86,2,0,0,BB: 3/21
M Jansen,"SRH, MI, PBKS",36,35,733,1149,36,31.92,9.41,20.36,2,0,0,BB: 3/25
M Kaif,"RCB, RR, KXIP",29,0,0,0,0,-,0.0,-,0,0,0,-
M Kartik,"KKR, KXIP, PWI, RCB",56,55,1149,1388,31,44.77,7.25,37.06,1,0,0,BB: 3/17
M Klinger,KTK,4,0,0,0,0,-,0.0,-,0,0,0,-
M Manhas,"DD, PWI, CSK",55,3,42,42,0,0.0,6.0,0.0,0,0,0,
M Markande,"SRH, RR, MI",37,37,720,1069,37,28.89,8.91,19.46,1,2,0,BB: 4/23
M Morkel,"DD, KKR, RR",70,70,1629,2089,77,27.13,7.69,21.16,5,1,0,BB: 4/20
M Muralitharan,"RCB, KTK, CSK",66,66,1524,1696,63,26.92,6.68,24.19,5,0,0,BB: 3/11
M Ntini,CSK,9,9,210,242,7,34.57,6.91,30.0,0,1,0,BB: 4/21
M Pathirana,CSK,32,32,702,1016,47,21.62,8.68,14.94,4,1,0,BB: 4/28
M Prasidh Krishna,"KKR, RR, GT",66,66,1499,2191,74,29.61,8.77,20.26,5,2,0,BB: 4/30
M Rawat,"PWI, RR",18,0,0,0,0,-,0.0,-,0,0,0,-
M Shahrukh Khan,"GT, PBKS",55,3,18,28,1,28.0,9.33,18.0,0,0,0,BB: 1/13
M Siddharth,LSG,5,5,96,138,3,46.0,8.62,32.0,0,0,0,BB: 2/39
M Theekshana,"RR, CSK",38,38,876,1207,36,33.53,8.27,24.33,1,1,0,BB: 4/33
M Tiwari,DC,2,1,6,14,0,0.0,14.0,0.0,0,0,0,
M Vijay,"DD, KXIP, CSK",106,4,36,49,0,0.0,8.17,0.0,0,0,0,
M Vohra,"RCB, RR, KXIP, LSG",56,0,0,0,0,-,0.0,-,0,0,0,-
M de Lange,"KKR, MI",5,5,108,169,5,33.8,9.39,21.6,1,0,0,BB: 3/34
MA Agarwal,"DD, PBKS, KXIP, SRH, RPS, RCB",130,0,0,0,0,-,0.0,-,0,0,0,-
MA Khote,MI,4,2,30,51,2,25.5,10.2,15.0,0,0,0,BB: 2/29
MA Starc,"KKR, DC, RCB",52,50,1059,1526,65,23.48,8.65,16.29,7,2,1,BB: 5/35
MA Wood,"LSG, CSK",5,5,120,179,11,16.27,8.95,10.91,1,0,1,BB: 5/14
MB Parmar,KKR,1,1,18,33,0,0.0,11.0,0.0,0,0,0,
MC Henriques,"DD, PBKS, Unknown, SRH, KKR, RCB",62,60,950,1289,42,30.69,8.14,22.62,2,0,0,BB: 3/12
MC Juneja,DD,7,0,0,0,0,-,0.0,-,0,0,0,-
MD Mishra,"DEC, PWI",18,0,0,0,0,-,0.0,-,0,0,0,-
MD Shanaka,GT,3,0,0,0,0,-,0.0,-,0,0,0,-
MDKJ Perera,RR,2,0,0,0,0,-,0.0,-,0,0,0,-
MEK Hussey,"MI, CSK",59,0,0,0,0,-,0.0,-,0,0,0,-
MF Maharoof,DD,20,20,420,520,27,19.26,7.43,15.56,1,0,0,BB: 3/34
MG Bracewell,RCB,5,5,66,95,6,15.83,8.64,11.0,0,0,0,BB: 2/13
MG Johnson,"KKR, MI, KXIP",54,54,1232,1702,61,27.9,8.29,20.2,3,0,0,BB: 3/26
MG Neser,KXIP,1,1,24,62,0,0.0,15.5,0.0,0,0,0,
MJ Clarke,PWI,6,5,66,67,2,33.5,6.09,33.0,0,0,0,BB: 1/12
MJ Guptill,"SRH, MI, KXIP",13,0,0,0,0,-,0.0,-,0,0,0,-
MJ Henry,"KXIP, LSG",6,6,102,181,2,90.5,10.65,51.0,0,0,0,BB: 1/31
MJ Lumb,"DEC, RR",12,0,0,0,0,-,0.0,-,0,0,0,-
MJ McClenaghan,MI,56,56,1274,1803,71,25.39,8.49,17.94,7,1,0,BB: 4/21
MJ Owen,PBKS,1,0,0,0,0,-,0.0,-,0,0,0,-
MJ Santner,"Unknown, MI, CSK",31,31,603,735,25,29.4,7.31,24.12,1,0,0,BB: 3/11
MJ Suthar,GT,1,1,12,26,0,0.0,13.0,0.0,0,0,0,
MK Lomror,"Unknown, RR, RCB",40,11,90,127,1,127.0,8.47,90.0,0,0,0,BB: 1/22
MK Pandey,"PWI, MI, LSG, SRH, KKR, DC, RCB",174,0,0,0,0,-,0.0,-,0,0,0,-
MK Tiwary,"DD, RPS, KKR, KXIP",98,6,42,83,1,83.0,11.86,42.0,0,0,0,BB: 1/11
ML Hayden,CSK,32,0,0,0,0,-,0.0,-,0,0,0,-
MM Ali,"KKR, RCB, CSK",73,57,854,1029,41,25.1,7.23,20.83,2,1,0,BB: 4/26
MM Patel,"RR, MI, GL",63,63,1355,1698,74,22.95,7.52,18.31,4,2,1,BB: 5/21
MM Sharma,"GT, DC, KXIP, CSK",120,119,2403,3513,134,26.22,8.77,17.93,12,3,1,BB: 5/10
MN Samuels,"DD, PWI",15,11,214,284,9,31.56,7.96,23.78,1,0,0,BB: 3/39
MN van Wyk,KKR,5,0,0,0,0,-,0.0,-,0,0,0,-
MP Breetzke,LSG,1,0,0,0,0,-,0.0,-,0,0,0,-
MP Stoinis,"PBKS, KXIP, LSG, DC, RCB",110,71,888,1449,44,32.93,9.79,20.18,3,1,0,BB: 4/15
MP Yadav,LSG,6,6,121,185,9,20.56,9.17,13.44,2,0,0,BB: 3/14
MR Marsh,"PWI, DEC, LSG, SRH, RPS, DC",55,34,560,795,37,21.49,8.52,15.14,1,2,0,BB: 4/27
MS Bhandage,RCB,1,0,0,0,0,-,0.0,-,0,0,0,-
MS Bisla,"RCB, KKR, KXIP",39,0,0,0,0,-,0.0,-,0,0,0,-
MS Dhoni,"RPS, CSK",277,0,0,0,0,-,0.0,-,0,0,0,-
MS Gony,"CSK, DEC, KXIP, GL",44,44,888,1287,37,34.78,8.7,24.0,2,0,0,BB: 3/34
MS Wade,"DD, GT",15,0,0,0,0,-,0.0,-,0,0,0,-
MV Boucher,"KKR, RCB",31,0,0,0,0,-,0.0,-,0,0,0,-
MW Short,PBKS,6,3,24,25,0,0.0,6.25,0.0,0,0,0,
Mandeep Singh,"RCB, PBKS, KKR, DC, KXIP",111,2,12,26,0,0.0,13.0,0.0,0,0,0,
Mashrafe Mortaza,KKR,1,1,24,58,0,0.0,14.5,0.0,0,0,0,
Mayank Dagar,"SRH, RCB",8,8,137,203,2,101.5,8.89,68.5,0,0,0,BB: 1/37
Milind Kumar,Unknown,0,0,0,0,0,-,0.0,-,0,0,0,-
Misbah-ul-Haq,RCB,8,0,0,0,0,-,0.0,-,0,0,0,-
Mohammad Ashraful,MI,1,0,0,0,0,-,0.0,-,0,0,0,-
Mohammad Asif,DD,8,8,192,296,8,37.0,9.25,24.0,0,0,0,BB: 2/19
Mohammad Hafeez,KKR,8,4,60,68,2,34.0,6.8,30.0,0,0,0,BB: 1/8
Mohammad Nabi,"SRH, MI",24,23,417,517,15,34.47,7.44,27.8,0,1,0,BB: 4/11
Mohammed Shami,"DD, PBKS, GT, SRH, KKR, KXIP",119,119,2606,3749,133,28.19,8.63,19.59,11,2,0,BB: 4/11
Mohammed Siraj,"SRH, GT, RCB",108,108,2300,3349,110,30.45,8.74,20.91,7,3,0,BB: 4/32
Mohit Rathee,PBKS,1,1,12,29,0,0.0,14.5,0.0,0,0,0,
Mohsin Khan,LSG,24,23,486,689,27,25.52,8.51,18.0,2,1,0,BB: 4/16
Monu Kumar,CSK,1,1,12,20,0,0.0,10.0,0.0,0,0,0,
Mujeeb Ur Rahman,"SRH, MI, KXIP",20,20,446,620,20,31.0,8.34,22.3,1,0,0,BB: 3/27
Mukesh Choudhary,CSK,16,16,315,522,17,30.71,9.94,18.53,2,1,0,BB: 4/46
Mukesh Kumar,DC,32,32,636,1102,36,30.61,10.4,17.67,3,1,0,BB: 4/33
Musheer Khan,PBKS,1,1,12,27,1,27.0,13.5,12.0,0,0,0,BB: 1/27
Mustafizur Rahman,"RR, MI, CSK, SRH, DC",60,60,1364,1849,65,28.45,8.13,20.98,6,1,0,BB: 4/29
N Burger,RR,5,5,102,145,7,20.71,8.53,14.57,0,0,0,BB: 2/29
N Jagadeesan,"KKR, CSK",13,0,0,0,0,-,0.0,-,0,0,0,-
N Pooran,"SRH, LSG, KXIP, PBKS",90,0,0,0,0,-,0.0,-,0,0,0,-
N Rana,"KKR, RR, MI",118,26,192,270,10,27.0,8.44,19.2,0,0,0,BB: 2/11
N Saini,KXIP,10,0,0,0,0,-,0.0,-,0,0,0,-
N Thushara,"MI, RCB",8,8,180,283,9,31.44,9.43,20.0,2,0,0,BB: 3/28
N Wadhera,"MI, PBKS",37,2,17,22,0,0.0,7.76,0.0,0,0,0,
NA Saini,RR,1,1,12,34,0,0.0,17.0,0.0,0,0,0,
NB Singh,GL,2,2,24,15,1,15.0,3.75,24.0,0,0,0,BB: 1/7
ND Doshi,"RR, RCB",4,4,56,79,2,39.5,8.46,28.0,0,0,0,BB: 1/17
NJ Maddinson,RCB,3,0,0,0,0,-,0.0,-,0,0,0,-
NJ Rimmington,KXIP,1,1,18,19,0,0.0,6.33,0.0,0,0,0,
NK Patel,RR,9,0,0,0,0,-,0.0,-,0,0,0,-
NL McCullum,PWI,2,2,30,34,0,0.0,6.8,0.0,0,0,0,
NLTC Perera,"KTK, MI, CSK, SRH, RPS, KXIP",37,36,698,1016,31,32.77,8.73,22.52,3,0,0,BB: 3/20
NM Coulter-Nile,"DD, KKR, RR, MI",39,38,857,1100,48,22.92,7.7,17.85,5,2,0,BB: 4/14
NS Naik,"KKR, KXIP",4,0,0,0,0,-,0.0,-,0,0,0,-
NT Ellis,"CSK, PBKS",17,17,378,546,19,28.74,8.67,19.89,1,1,0,BB: 4/30
NV Ojha,"RR, SRH, DD",113,0,0,0,0,-,0.0,-,0,0,0,-
Naman Dhir,MI,23,5,52,76,0,0.0,8.77,0.0,0,0,0,
Navdeep Saini,"RR, RCB",31,31,646,940,23,40.87,8.73,28.09,1,0,0,BB: 3/40
Naveen-ul-Haq,LSG,18,17,387,591,25,23.64,9.16,15.48,3,1,0,BB: 4/38
Nithish Kumar Reddy,SRH,28,12,139,254,5,50.8,10.96,27.8,0,0,0,BB: 2/17
Noor Ahmad,"GT, CSK",37,37,792,1067,48,22.23,8.08,16.5,3,2,0,BB: 4/18
O Thomas,RR,4,4,60,79,5,15.8,7.9,12.0,0,0,0,BB: 2/6
OA Shah,"KKR, RR, KTK",23,0,0,0,0,-,0.0,-,0,0,0,-
OC McCoy,RR,8,8,161,250,11,22.73,9.32,14.64,1,0,0,BB: 3/23
OF Smith,PBKS,6,6,90,178,6,29.67,11.87,15.0,0,1,0,BB: 4/30
P Amarnath,CSK,6,6,132,236,7,33.71,10.73,18.86,0,0,0,BB: 2/29
P Awana,KXIP,33,33,747,1029,39,26.38,8.27,19.15,3,1,0,BB: 4/34
P Chopra,RR,2,0,0,0,0,-,0.0,-,0,0,0,-
P Dharmani,KXIP,1,0,0,0,0,-,0.0,-,0,0,0,-
P Dogra,"KKR, RR, KXIP",13,0,0,0,0,-,0.0,-,0,0,0,-
P Dubey,"DC, PBKS",5,5,78,111,2,55.5,8.54,39.0,0,0,0,BB: 1/19
P Kumar,"RCB, MI, SRH, KXIP, GL",119,119,2524,3251,90,36.12,7.73,28.04,3,0,0,BB: 3/23
P Negi,"Unknown, DD, RCB, CSK",50,42,716,939,35,26.83,7.87,20.46,2,1,0,BB: 4/18
P Parameswaran,"RCB, KTK",8,8,154,224,9,24.89,8.73,17.11,1,0,0,BB: 3/30
P Prasanth,KTK,1,1,6,18,0,0.0,18.0,0.0,0,0,0,
P Ray Barman,RCB,1,1,24,56,0,0.0,14.0,0.0,0,0,0,
P Sahu,KXIP,5,5,105,146,3,48.67,8.34,35.0,0,0,0,BB: 2/18
P Simran Singh,"KXIP, PBKS",52,0,0,0,0,-,0.0,-,0,0,0,-
P Suyal,MI,5,5,96,151,2,75.5,9.44,48.0,0,0,0,BB: 1/21
PA Patel,"RCB, DEC, MI, CSK, SRH, KTK",139,0,0,0,0,-,0.0,-,0,0,0,-
PA Reddy,"SRH, DEC",12,0,0,0,0,-,0.0,-,0,0,0,-
PBB Rajapaksa,PBKS,13,0,0,0,0,-,0.0,-,0,0,0,-
PC Valthaty,"RR, KXIP",23,10,151,205,7,29.29,8.15,21.57,0,1,0,BB: 4/29
PD Collingwood,DD,8,6,89,101,5,20.2,6.81,17.8,0,0,0,BB: 2/19
PD Salt,"KKR, DC, RCB",34,0,0,0,0,-,0.0,-,0,0,0,-
PH Solanki,CSK,2,2,36,38,2,19.0,6.33,18.0,0,0,0,BB: 2/20
PHKD Mendis,SRH,5,4,42,60,2,30.0,8.57,21.0,0,0,0,BB: 1/4
PJ Cummins,"DD, KKR, SRH",72,72,1617,2373,79,30.04,8.81,20.47,7,1,0,BB: 4/34
PJ Sangwan,"DD, MI, GT, KKR, GL",42,42,856,1240,38,32.63,8.69,22.53,3,0,0,BB: 3/18
PK Garg,"SRH, DC",23,0,0,0,0,-,0.0,-,0,0,0,-
PM Sarvesh Kumar,DEC,2,2,30,42,1,42.0,8.4,30.0,0,0,0,BB: 1/18
PN Mankad,"LSG, PBKS",6,0,0,0,0,-,0.0,-,0,0,0,-
PP Chawla,"KKR, MI, KXIP, CSK",192,191,3850,5108,192,26.6,7.96,20.05,13,2,0,BB: 4/17
PP Ojha,"DEC, MI",92,90,1899,2332,89,26.2,7.37,21.34,5,0,0,BB: 3/21
PP Shaw,"DD, DC",79,0,0,0,0,-,0.0,-,0,0,0,-
PR Shah,"RR, MI",16,0,0,0,0,-,0.0,-,0,0,0,-
PSP Handscomb,RPS,2,0,0,0,0,-,0.0,-,0,0,0,-
PV Tambe,"RR, GL",33,33,660,853,28,30.46,7.75,23.57,1,1,0,BB: 4/20
PVD Chameera,"KKR, DC, LSG",20,19,384,630,13,48.46,9.84,29.54,0,0,0,BB: 2/17
PVSN Raju,MI,2,2,24,53,1,53.0,13.25,24.0,0,0,0,BB: 1/40
PWA Mulder,SRH,1,1,6,16,0,0.0,16.0,0.0,0,0,0,
PWH de Silva,"RR, RCB",37,37,798,1119,46,24.33,8.41,17.35,0,2,1,BB: 5/18
Pankaj Singh,"RR, RCB",17,17,300,468,11,42.55,9.36,27.27,0,0,0,BB: 2/31
Parvez Rasool,"SRH, PWI, RCB",11,11,198,271,4,67.75,8.21,49.5,0,0,0,BB: 1/23
Prince Yadav,LSG,6,6,137,225,3,75.0,9.85,45.67,0,0,0,BB: 1/29
Priyansh Arya,PBKS,18,0,0,0,0,-,0.0,-,0,0,0,-
Q de Kock,"DD, MI, LSG, SRH, KKR, RCB",115,0,0,0,0,-,0.0,-,0,0,0,-
R Ashwin,"RR, CSK, RPS, DC, KXIP",219,217,4710,5652,188,30.06,7.2,25.05,8,1,0,BB: 4/34
R Bhatia,"DD, RPS, KKR, RR",95,91,1636,2020,71,28.45,7.41,23.04,3,1,0,BB: 4/15
R Bishnoi,RCB,3,0,0,0,0,-,0.0,-,0,0,0,-
R Dhawan,"Unknown, MI, KXIP, PBKS",39,36,662,891,25,35.64,8.08,26.48,0,0,0,BB: 2/36
R Dravid,"RR, RCB",89,0,0,0,0,-,0.0,-,0,0,0,-
R Goyal,MI,1,1,24,33,0,0.0,8.25,0.0,0,0,0,
R McLaren,"KKR, MI, KXIP",18,18,354,542,12,45.17,9.19,29.5,0,0,0,BB: 2/28
R Minz,MI,2,0,0,0,0,-,0.0,-,0,0,0,-
R Ninan,RCB,2,2,36,65,3,21.67,10.83,12.0,0,0,0,BB: 2/31
R Parag,RR,83,30,295,477,7,68.14,9.7,42.14,0,0,0,BB: 1/10
R Powell,"Unknown, KKR, RR, DC",28,2,18,35,1,35.0,11.67,18.0,0,0,0,BB: 1/18
R Rampaul,RCB,12,12,262,298,14,21.29,6.82,18.71,1,0,0,BB: 3/31
R Ravindra,CSK,18,2,12,7,0,0.0,3.5,0.0,0,0,0,
R Sai Kishore,GT,25,25,441,651,32,20.34,8.86,13.78,1,1,0,BB: 4/33
R Sanjay Yadav,MI,1,1,12,23,0,0.0,11.5,0.0,0,0,0,
R Sathish,"KKR, MI, KXIP",34,14,139,232,3,77.33,10.01,46.33,0,0,0,BB: 1/11
R Sharma,"DD, DEC, PWI",44,44,928,1086,40,27.15,7.02,23.2,1,0,0,BB: 3/13
R Shepherd,"SRH, MI, RCB, LSG",18,15,210,408,10,40.8,11.66,21.0,0,0,0,BB: 2/42
R Shukla,"DD, RR, MI",7,7,120,208,5,41.6,10.4,24.0,0,0,0,BB: 2/28
R Tewatia,"DD, RR, GT, DC, KXIP",108,52,843,1111,33,33.67,7.91,25.55,4,0,0,BB: 3/18
R Vinay Kumar,"KKR, KTK, MI, RCB",104,104,2121,2966,105,28.25,8.39,20.2,9,1,0,BB: 4/40
RA Bawa,"MI, PBKS",5,0,0,0,0,-,0.0,-,0,0,0,-
RA Jadeja,"CSK, RR, KTK, GL",253,225,4056,5188,170,30.52,7.67,23.86,13,3,1,BB: 5/16
RA Shaikh,MI,1,1,6,11,0,0.0,11.0,0.0,0,0,0,
RA Tripathi,"RR, CSK, SRH, RPS, KKR",100,1,6,12,0,0.0,12.0,0.0,0,0,0,
RD Chahar,"MI, PBKS, Unknown, SRH, RPS",79,78,1670,2150,75,28.67,7.72,22.27,5,1,0,BB: 4/27
RD Gaikwad,CSK,71,0,0,0,0,-,0.0,-,0,0,0,-
RD Rickelton,MI,14,0,0,0,0,-,0.0,-,0,0,0,-
RE Levi,MI,6,0,0,0,0,-,0.0,-,0,0,0,-
RE van der Merwe,"DD, RCB",21,21,443,498,21,23.71,6.74,21.1,1,0,0,BB: 3/20
RG More,CSK,2,2,35,59,1,59.0,10.11,35.0,0,0,0,BB: 1/31
RG Sharma,"DEC, MI",272,32,339,453,15,30.2,8.02,22.6,1,1,0,BB: 4/6
RJ Gleeson,"MI, CSK",3,3,68,110,2,55.0,9.71,34.0,0,0,0,BB: 1/30
RJ Harris,"DEC, KXIP",37,37,832,1047,45,23.27,7.55,18.49,5,1,0,BB: 4/34
RJ Peterson,MI,5,4,48,70,3,23.33,8.75,16.0,1,0,0,BB: 3/37
RJ Quiney,RR,7,0,0,0,0,-,0.0,-,0,0,0,-
RJW Topley,"MI, RCB",6,6,120,222,5,44.4,11.1,24.0,0,0,0,BB: 2/27
RK Bhui,"SRH, DC",4,0,0,0,0,-,0.0,-,0,0,0,-
RK Singh,KKR,58,0,0,0,0,-,0.0,-,0,0,0,-
RM Patidar,RCB,42,0,0,0,0,-,0.0,-,0,0,0,-
RN ten Doeschate,KKR,29,10,78,94,2,47.0,7.23,39.0,0,0,0,BB: 1/24
RP Meredith,"MI, PBKS",18,18,388,612,19,32.21,9.46,20.42,0,0,0,BB: 2/24
RP Singh,"DEC, KTK, MI, RPS, RCB",82,82,1775,2338,90,25.98,7.9,19.72,9,2,0,BB: 4/22
RR Bhatkal,RCB,1,1,12,35,0,0.0,17.5,0.0,0,0,0,
RR Bose,KXIP,1,1,12,24,0,0.0,12.0,0.0,0,0,0,
RR Pant,"DD, DC, LSG",125,0,0,0,0,-,0.0,-,0,0,0,-
RR Powar,"KTK, KXIP",27,26,426,527,13,40.54,7.42,32.77,0,0,0,BB: 2/22
RR Raje,MI,10,10,139,209,6,34.83,9.02,23.17,0,0,0,BB: 2/16
RR Rossouw,"DC, RCB, PBKS",22,0,0,0,0,-,0.0,-,0,0,0,-
RR Sarwan,KXIP,4,0,0,0,0,-,0.0,-,0,0,0,-
RS Bopara,"SRH, KXIP",24,14,206,292,11,26.55,8.5,18.73,1,0,0,BB: 3/31
RS Gavaskar,KKR,2,1,6,8,0,0.0,8.0,0.0,0,0,0,
RS Hangargekar,CSK,2,2,36,60,3,20.0,10.0,12.0,1,0,0,BB: 3/36
RS Sodhi,KXIP,3,0,0,0,0,-,0.0,-,0,0,0,-
RT Ponting,"KKR, MI",10,0,0,0,0,-,0.0,-,0,0,0,-
RV Gomez,"PWI, KTK",13,9,96,129,5,25.8,8.06,19.2,0,0,0,BB: 2/14
RV Patel,DC,9,1,18,22,0,0.0,7.33,0.0,0,0,0,
RV Pawar,MI,1,0,0,0,0,-,0.0,-,0,0,0,-
RV Uthappa,"PWI, RR, MI, CSK, KKR, RCB",205,0,0,0,0,-,0.0,-,0,0,0,-
RW Price,MI,1,1,18,33,0,0.0,11.0,0.0,0,0,0,
Rahmanullah Gurbaz,KKR,18,0,0,0,0,-,0.0,-,0,0,0,-
Ramandeep Singh,"Unknown, KKR, MI",30,4,40,63,6,10.5,9.45,6.67,1,0,0,BB: 3/20
Rashid Khan,"SRH, GT",136,136,3189,3766,158,23.84,7.09,20.18,14,2,0,BB: 4/24
Rasikh Salam,"DC, KKR, MI, RCB",13,13,231,409,10,40.9,10.62,23.1,2,0,0,BB: 3/34
Ravi Bishnoi,"LSG, KXIP, PBKS",77,76,1633,2237,72,31.07,8.22,22.68,4,0,0,BB: 3/29
S Anirudha,"SRH, CSK",20,0,0,0,0,-,0.0,-,0,0,0,-
S Aravind,RCB,38,38,760,1039,45,23.09,8.2,16.89,1,2,0,BB: 4/14
S Badree,"RR, RCB, CSK",12,12,258,319,11,29.0,7.42,23.45,0,1,0,BB: 4/9
S Badrinath,CSK,94,0,0,0,0,-,0.0,-,0,0,0,-
S Chanderpaul,RCB,3,0,0,0,0,-,0.0,-,0,0,0,-
S Dhawan,"DD, DEC, MI, PBKS, SRH, DC",222,6,48,66,4,16.5,8.25,12.0,0,0,0,BB: 1/7
S Dube,"RR, RCB, CSK",79,15,124,213,5,42.6,10.31,24.8,0,0,0,BB: 2/15
S Gopal,"SRH, RR, MI",52,51,991,1349,52,25.94,8.17,19.06,4,1,0,BB: 4/16
S Joseph,LSG,1,1,24,47,0,0.0,11.75,0.0,0,0,0,
S Kaul,"SRH, DD, RCB",55,55,1209,1739,58,29.98,8.63,20.84,3,1,0,BB: 4/29
S Kaushik,GL,10,10,204,297,6,49.5,8.74,34.0,1,0,0,BB: 3/20
S Ladda,"DD, KKR, GL",9,9,138,224,5,44.8,9.74,27.6,0,0,0,BB: 2/44
S Lamichhane,"DD, DC",9,9,210,292,13,22.46,8.34,16.15,2,0,0,BB: 3/36
S Midhun,RR,1,1,12,27,0,0.0,13.5,0.0,0,0,0,
S Nadeem,"DD, SRH",72,70,1415,1784,48,37.17,7.56,29.48,1,0,0,BB: 3/16
S Narwal,"KKR, RR",7,6,106,202,5,40.4,11.43,21.2,1,0,0,BB: 3/36
S Rana,"PWI, RCB",11,3,16,18,0,0.0,6.75,0.0,0,0,0,
S Randiv,CSK,8,8,174,223,6,37.17,7.69,29.0,0,0,0,BB: 2/24
S Sandeep Warrier,"KKR, GT",10,10,168,253,8,31.62,9.04,21.0,1,0,0,BB: 3/15
S Sohal,"DEC, KXIP",22,0,0,0,0,-,0.0,-,0,0,0,-
S Sreesanth,"RR, KTK, KXIP",44,44,880,1194,41,29.12,8.14,21.46,1,0,0,BB: 3/29
S Sriram,"DD, RCB",2,2,18,49,0,0.0,16.33,0.0,0,0,0,
S Tyagi,CSK,14,14,209,295,6,49.17,8.47,34.83,0,0,0,BB: 2/18
S Vidyut,CSK,9,1,12,22,1,22.0,11.0,12.0,0,0,0,BB: 1/22
SA Abbott,"SRH, RCB",3,3,54,104,1,104.0,11.56,54.0,0,0,0,BB: 1/47
SA Asnodkar,RR,20,0,0,0,0,-,0.0,-,0,0,0,-
SA Yadav,"KKR, MI",166,1,6,8,0,0.0,8.0,0.0,0,0,0,
SB Bangar,"DEC, KKR",12,9,150,219,4,54.75,8.76,37.5,0,0,0,BB: 2/34
SB Dubey,RR,13,0,0,0,0,-,0.0,-,0,0,0,-
SB Jakati,"CSK, RCB, GL",59,57,1085,1451,47,30.87,8.02,23.09,0,2,0,BB: 4/22
SB Joshi,RCB,4,4,55,82,1,82.0,8.95,55.0,0,0,0,BB: 1/27
SB Styris,"DEC, CSK",12,11,216,276,8,34.5,7.67,27.0,1,0,0,BB: 3/32
SB Wagh,"PWI, RR",8,8,102,137,5,27.4,8.06,20.4,1,0,0,BB: 3/16
SC Ganguly,"KKR, PWI",59,20,276,363,10,36.3,7.89,27.6,0,0,0,BB: 2/21
SC Kuggeleijn,CSK,2,2,48,71,2,35.5,8.88,24.0,0,0,0,BB: 2/37
SD Chitnis,"RR, MI, KXIP",11,2,36,60,2,30.0,10.0,18.0,0,0,0,BB: 2/40
SD Hope,DC,9,0,0,0,0,-,0.0,-,0,0,0,-
SD Lad,MI,1,0,0,0,0,-,0.0,-,0,0,0,-
SE Bond,KKR,8,8,186,224,9,24.89,7.23,20.67,0,0,0,BB: 2/24
SE Marsh,KXIP,71,0,0,0,0,-,0.0,-,0,0,0,-
SE Rutherford,"GT, DC, RCB",23,6,41,59,1,59.0,8.63,41.0,0,0,0,BB: 1/6
SH Johnson,"KKR, GT",9,9,164,284,5,56.8,10.39,32.8,0,0,0,BB: 2/25
SJ Srivastava,KXIP,14,14,282,441,14,31.5,9.38,20.14,0,0,0,BB: 2/23
SK Raina,"CSK, GL",204,69,908,1118,25,44.72,7.39,36.32,0,0,0,BB: 2/17
SK Rasheed,"Unknown, CSK",5,0,0,0,0,-,0.0,-,0,0,0,-
SK Trivedi,RR,76,75,1506,1904,65,29.29,7.59,23.17,4,1,0,BB: 4/25
SK Warne,RR,55,54,1194,1447,57,25.39,7.27,20.95,4,1,0,BB: 4/21
SL Malinga,MI,122,122,2827,3366,170,19.8,7.14,16.63,12,6,1,BB: 5/13
SM Boland,RPS,2,2,42,54,2,27.0,7.71,21.0,0,0,0,BB: 2/31
SM Curran,"PBKS, KXIP, CSK",64,63,1253,2033,59,34.46,9.74,21.24,6,1,0,BB: 4/11
SM Harwood,RR,3,3,60,73,3,24.33,7.3,20.0,0,0,0,BB: 2/25
SM Katich,KXIP,11,0,0,0,0,-,0.0,-,0,0,0,-
SM Pollock,MI,13,13,276,301,11,27.36,6.54,25.09,1,0,0,BB: 3/12
SMSM Senanayake,KKR,8,8,192,209,9,23.22,6.53,21.33,0,0,0,BB: 2/26
SN Khan,"KXIP, DC, RCB, PBKS",50,1,2,6,0,0.0,18.0,0.0,0,0,0,
SN Thakur,"CSK, LSG, RPS, KKR, DC, KXIP",105,102,2070,3244,108,30.04,9.4,19.17,6,2,0,BB: 4/36
SO Hetmyer,"RR, DC, RCB",86,0,0,0,0,-,0.0,-,0,0,0,-
SP Fleming,CSK,10,0,0,0,0,-,0.0,-,0,0,0,-
SP Goswami,"SRH, KKR, RR, RCB",31,0,0,0,0,-,0.0,-,0,0,0,-
SP Jackson,KKR,9,0,0,0,0,-,0.0,-,0,0,0,-
SP Narine,KKR,188,187,4345,4922,192,25.64,6.8,22.63,9,7,1,BB: 5/19
SPD Smith,"RPS, PWI, RR, DC",103,1,2,5,0,0.0,15.0,0.0,0,0,0,
SR Tendulkar,MI,78,4,36,58,0,0.0,9.67,0.0,0,0,0,
SR Watson,"RR, RCB, CSK",145,105,2029,2682,92,29.15,7.93,22.05,7,1,0,BB: 4/29
SS Agarwal,GL,1,1,24,42,1,42.0,10.5,24.0,0,0,0,BB: 1/42
SS Cottrell,KXIP,6,6,120,176,6,29.33,8.8,20.0,0,0,0,BB: 2/17
SS Iyer,"DD, KKR, DC, PBKS",133,1,6,7,0,0.0,7.0,0.0,0,0,0,
SS Mundhe,PWI,1,1,6,6,1,6.0,6.0,6.0,0,0,0,BB: 1/6
SS Prabhudessai,RCB,11,0,0,0,0,-,0.0,-,0,0,0,-
SS Sarkar,KKR,2,2,25,34,1,34.0,8.16,25.0,0,0,0,BB: 1/15
SS Shaikh,KKR,2,0,0,0,0,-,0.0,-,0,0,0,-
SS Tiwary,"DD, RPS, MI, RCB",92,0,0,0,0,-,0.0,-,0,0,0,-
SSB Magala,CSK,2,2,36,51,1,51.0,8.5,36.0,0,0,0,BB: 1/37
ST Jayasuriya,MI,30,21,294,390,13,30.0,7.96,22.62,1,0,0,BB: 3/14
STR Binny,"RR, MI, RCB",95,63,594,758,23,32.96,7.66,25.83,0,0,0,BB: 2/14
SV Samson,"DD, RR",176,0,0,0,0,-,0.0,-,0,0,0,-
SW Billings,"DD, KKR, CSK",30,0,0,0,0,-,0.0,-,0,0,0,-
SW Tait,RR,21,21,473,640,24,26.67,8.12,19.71,4,0,0,BB: 3/22
SZ Mulani,MI,2,2,30,57,0,0.0,11.4,0.0,0,0,0,
Sachin Baby,"SRH, RR, RCB",20,2,10,8,2,4.0,4.8,5.0,0,0,0,BB: 2/4
Salman Butt,KKR,7,0,0,0,0,-,0.0,-,0,0,0,-
Sameer Rizvi,"DC, CSK",14,0,0,0,0,-,0.0,-,0,0,0,-
Sandeep Sharma,"SRH, RR, KXIP, PBKS",136,136,3041,4070,146,27.88,8.03,20.83,9,2,1,BB: 5/18
Sanvir Singh,SRH,6,0,0,0,0,-,0.0,-,0,0,0,-
Saurav Chauhan,RCB,3,0,0,0,0,-,0.0,-,0,0,0,-
Sediqullah Atal,DC,1,0,0,0,0,-,0.0,-,0,0,0,-
Shahbaz Ahmed,"SRH, RCB, LSG",58,45,588,939,22,42.68,9.58,26.73,2,0,0,BB: 3/7
Shahid Afridi,DEC,10,10,180,225,9,25.0,7.5,20.0,1,0,0,BB: 3/28
Shakib Al Hasan,"SRH, KKR",71,70,1484,1839,63,29.19,7.44,23.56,2,0,0,BB: 3/28
Shashank Singh,"SRH, PBKS",42,4,30,52,1,52.0,10.4,30.0,0,0,0,BB: 1/5
Shivam Mavi,"Unknown, KKR",32,32,649,942,30,31.4,8.71,21.63,0,1,0,BB: 4/21
Shivam Sharma,KXIP,5,5,114,165,4,41.25,8.68,28.5,0,0,0,BB: 2/26
Shivam Singh,PBKS,1,0,0,0,0,-,0.0,-,0,0,0,-
Shoaib Ahmed,DEC,8,7,102,152,5,30.4,8.94,20.4,0,0,0,BB: 2/20
Shoaib Akhtar,KKR,3,3,42,54,5,10.8,7.71,8.4,0,1,0,BB: 4/11
Shoaib Malik,DD,7,5,51,85,2,42.5,10.0,25.5,0,0,0,BB: 1/6
Shubman Gill,"KKR, GT",118,0,0,0,0,-,0.0,-,0,0,0,-
Sikandar Raza,PBKS,9,7,84,141,3,47.0,10.07,28.0,0,0,0,BB: 1/19
Simarjeet Singh,"SRH, CSK",14,14,240,400,11,36.36,10.0,21.82,1,0,0,BB: 3/26
Sohail Tanvir,RR,11,11,247,266,22,12.09,6.46,11.23,3,1,1,BB: 6/14
Sumit Kumar,DC,4,2,20,38,0,0.0,11.4,0.0,0,0,0,
Sunny Gupta,DD,1,1,18,47,0,0.0,15.67,0.0,0,0,0,
Sunny Singh,KXIP,6,0,0,0,0,-,0.0,-,0,0,0,-
Suryansh Shedge,PBKS,5,1,18,40,0,0.0,13.33,0.0,0,0,0,
Suyash Sharma,"KKR, RCB",27,27,558,814,18,45.22,8.75,31.0,2,0,0,BB: 3/30
Swapnil Singh,"RCB, KXIP, LSG",14,14,162,241,7,34.43,8.93,23.14,0,0,0,BB: 2/28
T Banton,KKR,2,0,0,0,0,-,0.0,-,0,0,0,-
T Henderson,RR,2,2,36,40,1,40.0,6.67,36.0,0,0,0,BB: 1/30
T Kohler-Cadmore,RR,3,0,0,0,0,-,0.0,-,0,0,0,-
T Kohli,"RR, KXIP",4,0,0,0,0,-,0.0,-,0,0,0,-
T Mishra,DEC,1,0,0,0,0,-,0.0,-,0,0,0,-
T Natarajan,"SRH, DC, KXIP",64,63,1362,2022,68,29.74,8.91,20.03,3,1,0,BB: 4/19
T Shamsi,"RR, RCB",5,5,120,181,3,60.33,9.05,40.0,0,0,0,BB: 1/21
T Stubbs,"DC, MI",33,5,36,69,4,17.25,11.5,9.0,0,0,0,BB: 2/11
T Taibu,KKR,3,0,0,0,0,-,0.0,-,0,0,0,-
T Thushara,CSK,6,6,135,161,8,20.12,7.16,16.88,0,0,0,BB: 2/28
T Vijay,Unknown,0,0,0,0,0,-,0.0,-,0,0,0,-
TA Boult,"DD, RR, MI, SRH, KKR, DC",119,119,2683,3747,143,26.2,8.38,18.76,10,2,0,BB: 4/18
TD Paine,PWI,2,0,0,0,0,-,0.0,-,0,0,0,-
TG Southee,"RR, MI, CSK, KKR, RCB",54,54,1206,1742,47,37.06,8.67,25.66,4,0,0,BB: 3/30
TH David,"MI, RCB",50,0,0,0,0,-,0.0,-,0,0,0,-
TK Curran,"KKR, RR, DC",13,13,238,430,13,33.08,10.84,18.31,1,0,0,BB: 3/29
TL Seifert,"KKR, DC",3,0,0,0,0,-,0.0,-,0,0,0,-
TL Suman,"DEC, PWI, MI",43,11,150,197,6,32.83,7.88,25.0,0,0,0,BB: 2/14
TM Dilshan,"DD, RCB",51,25,271,366,5,73.2,8.1,54.2,0,0,0,BB: 1/3
TM Head,"SRH, RCB",38,6,58,113,2,56.5,11.69,29.0,0,0,0,BB: 2/30
TM Srivastava,KXIP,7,0,0,0,0,-,0.0,-,0,0,0,-
TP Sudhindra,DEC,3,3,70,136,1,136.0,11.66,70.0,0,0,0,BB: 1/46
TR Birt,DD,5,0,0,0,0,-,0.0,-,0,0,0,-
TS Mills,"MI, RCB",10,10,209,343,11,31.18,9.85,19.0,1,0,0,BB: 3/35
TU Deshpande,"RR, DC, CSK",46,46,965,1583,51,31.04,9.84,18.92,4,1,0,BB: 4/27
Tanay Thyagarajan,Unknown,0,0,0,0,0,-,0.0,-,0,0,0,-
Tanush Kotian,RR,1,0,0,0,0,-,0.0,-,0,0,0,-
Tejas Baroka,GL,1,1,21,33,0,0.0,9.43,0.0,0,0,0,
Tilak Varma,MI,54,4,22,28,0,0.0,7.64,0.0,0,0,0,
U Kaul,KXIP,5,0,0,0,0,-,0.0,-,0,0,0,-
UA Birla,PWI,2,0,0,0,0,-,0.0,-,0,0,0,-
UBT Chand,"DD, RR, MI",21,0,0,0,0,-,0.0,-,0,0,0,-
UT Khawaja,RPS,6,0,0,0,0,-,0.0,-,0,0,0,-
UT Yadav,"DD, KKR, GT, RCB",148,147,3050,4317,144,29.98,8.49,21.18,13,3,0,BB: 4/33
Umar Gul,KKR,6,6,135,184,12,15.33,8.18,11.25,1,1,0,BB: 4/23
Umran Malik,SRH,26,26,493,772,29,26.62,9.4,17.0,2,1,1,BB: 5/25
Urvil Patel,CSK,3,0,0,0,0,-,0.0,-,0,0,0,-
V Kaverappa,PBKS,1,1,24,36,2,18.0,9.0,12.0,0,0,0,BB: 2/36
V Kohli,RCB,266,26,251,368,4,92.0,8.8,62.75,0,0,0,BB: 2/25
V Nigam,DC,14,13,234,356,12,29.67,9.13,19.5,0,0,0,BB: 2/18
V Pratap Singh,DEC,9,9,204,296,10,29.6,8.71,20.4,0,0,0,BB: 2/31
V Puthur,MI,5,5,72,109,6,18.17,9.08,12.0,1,0,0,BB: 3/32
V Sehwag,"DD, KXIP",104,15,136,235,6,39.17,10.37,22.67,0,0,0,BB: 2/18
V Shankar,"DD, Unknown, GT, CSK, SRH",78,22,238,344,9,38.22,8.67,26.44,0,0,0,BB: 2/19
V Suryavanshi,RR,7,0,0,0,0,-,0.0,-,0,0,0,-
V Viyaskanth,SRH,3,3,60,86,1,86.0,8.6,60.0,0,0,0,BB: 1/37
VG Arora,"KKR, PBKS",32,32,638,1016,36,28.22,9.55,17.72,3,0,0,BB: 3/27
VH Zol,RCB,3,0,0,0,0,-,0.0,-,0,0,0,-
VR Aaron,"DD, RCB, RR, GT, KXIP",52,50,994,1481,44,33.66,8.94,22.59,1,0,0,BB: 3/16
VR Iyer,KKR,61,9,81,143,3,47.67,10.59,27.0,0,0,0,BB: 2/29
VRV Singh,KXIP,19,18,360,542,12,45.17,9.03,30.0,1,0,0,BB: 3/29
VS Malik,"RR, KXIP",13,13,205,261,6,43.5,7.64,34.17,0,0,0,BB: 2/14
VS Yeligati,MI,2,2,30,59,0,0.0,11.8,0.0,0,0,0,
VVS Laxman,"DEC, KTK",20,0,0,0,0,-,0.0,-,0,0,0,-
VY Mahesh,"DD, CSK",17,17,339,499,21,23.76,8.83,16.14,1,1,0,BB: 4/36
Vijaykumar Vyshak,"RCB, PBKS",16,16,333,576,17,33.88,10.38,19.59,1,0,0,BB: 3/20
Virat Singh,SRH,3,0,0,0,0,-,0.0,-,0,0,0,-
Vishnu Vinod,"MI, RCB",6,0,0,0,0,-,0.0,-,0,0,0,-
Vivrant Sharma,SRH,3,2,18,37,0,0.0,12.33,0.0,0,0,0,
W Jaffer,RCB,8,0,0,0,0,-,0.0,-,0,0,0,-
W O'Rourke,LSG,3,3,62,132,6,22.0,12.77,10.33,1,0,0,BB: 3/27
WA Mota,KXIP,12,7,72,97,4,24.25,8.08,18.0,0,0,0,BB: 1/24
WD Parnell,"DD, PWI, RCB",33,33,723,937,35,26.77,7.78,20.66,4,0,0,BB: 3/10
WG Jacks,"MI, RCB",21,13,138,220,8,27.5,9.57,17.25,0,0,0,BB: 2/14
WP Saha,"GT, CSK, SRH, KKR, KXIP",169,0,0,0,0,-,0.0,-,0,0,0,-
WPUJC Vaas,DEC,13,13,282,355,18,19.72,7.55,15.67,1,0,0,BB: 3/21
Washington Sundar,"SRH, RPS, GT, RCB",66,63,1119,1436,39,36.82,7.7,28.69,3,0,0,BB: 3/16
X Thalaivan Sargunam,SRH,1,0,0,0,0,-,0.0,-,0,0,0,-
XC Bartlett,PBKS,4,4,60,96,2,48.0,9.6,30.0,0,0,0,BB: 1/26
Y Gnaneswara Rao,KTK,2,1,6,7,0,0.0,7.0,0.0,0,0,0,
Y Nagar,DD,26,8,66,125,4,31.25,11.36,16.5,0,0,0,BB: 2/20
Y Prithvi Raj,KKR,2,2,30,57,1,57.0,11.4,30.0,0,0,0,BB: 1/29
Y Venugopal Rao,"DD, DEC, SRH",65,20,216,337,6,56.17,9.36,36.0,0,0,0,BB: 2/25
YA Abdulla,KXIP,11,11,209,307,15,20.47,8.81,13.93,1,2,0,BB: 4/31
YBK Jaiswal,RR,66,1,1,6,0,0.0,36.0,0.0,0,0,0,
YK Pathan,"SRH, KKR, RR",174,82,1147,1415,42,33.69,7.4,27.31,3,0,0,BB: 3/22
YS Chahal,"RR, MI, RCB, PBKS",175,172,3791,5032,221,22.77,7.96,17.15,13,8,1,BB: 5/40
YV Dhull,DC,4,0,0,0,0,-,0.0,-,0,0,0,-
YV Takawale,"MI, RCB",16,0,0,0,0,-,0.0,-,0,0,0,-
Yash Dayal,"GT, RCB",43,43,871,1390,41,33.9,9.58,21.24,2,0,0,BB: 3/40
Yash Thakur,"PBKS, LSG",21,21,443,770,25,30.8,10.43,17.72,1,1,1,BB: 5/30
Yashpal Singh,KKR,8,0,0,0,0,-,0.0,-,0,0,0,-
Younis Khan,RR,1,0,0,0,0,-,0.0,-,0,0,0,-
Yudhvir Singh,"RR, LSG",9,9,138,253,8,31.62,11.0,17.25,1,0,0,BB: 3/47
Yuvraj Singh,"RCB, DD, PWI, MI, SRH, KXIP",132,73,869,1077,36,29.92,7.44,24.14,2,2,0,BB: 4/29
Z Khan,"DD, MI, RCB",99,99,2200,2782,103,27.01,7.59,21.36,9,1,0,BB: 4/17
Zeeshan Ansari,SRH,10,10,203,333,6,55.5,9.84,33.83,1,0,0,BB: 3/42
