player,team,matches,innings,not_outs,runs,balls,batting_average,strike_rate,high_score,50s,100s,4s,6s,catches,stumpings
A Ashish Reddy,"SRH, DEC",31,23,8.0,280,193,18.67,145.08,36*,0,0,16,15,8,0
A Badoni,LSG,56,46,10.0,963,695,26.75,138.56,74,6,0,73,38,17,0
A Chandila,RR,12,2,2.0,4,7,0.0,57.14,4*,0,0,0,0,2,0
A Chopra,KKR,7,6,0.0,53,71,8.83,74.65,24,0,0,7,0,2,0
A Choudhary,RCB,5,3,2.0,25,20,25.0,125.0,15*,0,0,1,1,0,0
A Dananjaya,MI,1,1,1.0,4,5,0.0,80.0,4*,0,0,0,0,0,0
A Flintoff,CSK,3,3,1.0,62,53,31.0,116.98,24,0,0,5,2,3,0
A Kamboj,"MI, CSK",11,6,4.0,16,14,8.0,114.29,5*,0,0,2,0,4,0
A Kumble,RCB,42,17,14.0,35,47,11.67,74.47,8,0,0,3,0,9,0
A Manohar,"SRH, GT",27,20,1.0,292,235,15.37,124.26,43,0,0,23,14,17,0
A Mhatre,CSK,7,7,0.0,240,127,34.29,188.98,94,1,0,31,11,4,0
A Mishra,"DD, DEC, LSG, SRH, DC",162,57,25.0,381,419,11.91,90.93,31,0,0,31,5,19,0
A Mithun,RCB,16,8,3.0,34,26,6.8,130.77,11,0,0,4,1,7,0
A Mukund,"RCB, CSK",3,2,0.0,19,22,9.5,86.36,19,0,0,1,0,3,0
A Nehra,"DD, PWI, MI, CSK, SRH",88,22,15.0,41,62,5.86,66.13,22*,0,0,3,1,17,0
A Nel,MI,1,1,0.0,0,0,0.0,0.0,0,0,0,0,0,0,0
A Nortje,"KKR, DC",48,17,11.0,49,49,8.17,100.0,23*,0,0,6,0,10,0
A Raghuvanshi,KKR,22,18,2.0,463,320,28.94,144.69,54,2,0,46,16,6,0
A Singh,RR,23,5,1.0,2,10,0.5,20.0,1*,0,0,0,0,1,0
A Symonds,"DEC, MI",39,36,9.0,974,750,36.07,129.87,117*,5,1,74,41,20,0
A Tomar,KKR,1,1,0.0,4,8,4.0,50.0,4,0,0,1,0,0,0
A Uniyal,RR,2,2,1.0,4,7,4.0,57.14,4*,0,0,0,0,0,0
A Zampa,"SRH, RPS, RR, RCB",22,5,0.0,15,24,3.0,62.5,7,0,0,1,0,1,0
AA Bilakhia,DEC,7,7,2.0,69,85,13.8,81.18,22,0,0,5,0,1,0
AA Chavan,RR,13,3,1.0,12,11,6.0,109.09,7*,0,0,2,0,3,0
AA Jhunjhunwala,"DEC, PWI, RR",21,16,3.0,217,210,16.69,103.33,53*,1,0,19,5,10,0
AA Kazi,RCB,1,0,-,0,0,-,-,-,0,0,0,0,0,0
AA Kulkarni,LSG,2,2,0.0,9,8,4.5,112.5,9,0,0,2,0,0,0
AA Noffke,RCB,1,1,0.0,9,10,9.0,90.0,9,0,0,1,0,0,0
AB Agarkar,"DD, KKR",42,22,12.0,179,154,17.9,116.23,39,0,0,13,5,4,0
AB Barath,KXIP,3,3,1.0,42,42,21.0,100.0,33,0,0,5,1,0,0
AB Dinda,"DD, PWI, RPS, KKR, RCB",78,17,7.0,26,48,2.6,54.17,7,0,0,2,0,7,0
AB McDonald,"DD, RCB",10,9,4.0,123,100,24.6,123.0,33*,0,0,9,4,0,0
AB de Villiers,"DD, RCB",183,170,40.0,5162,3403,39.71,151.69,133*,40,3,413,251,120,8
AC Blizzard,MI,7,7,0.0,120,90,17.14,133.33,51,1,0,21,2,4,0
AC Gilchrist,"DEC, KXIP",80,80,4.0,2069,1495,27.22,138.39,109*,11,2,239,92,51,16
AC Thomas,PWI,15,4,2.0,20,19,10.0,105.26,12,0,0,1,1,3,0
AC Voges,RR,9,7,3.0,181,143,45.25,126.57,45*,0,0,15,3,1,0
AD Hales,SRH,6,6,0.0,148,118,24.67,125.42,45,0,0,13,6,2,0
AD Mascarenhas,"RR, KXIP",13,11,2.0,79,78,8.78,101.28,27,0,0,5,1,2,0
AD Mathews,"DD, KKR, PWI",49,42,11.0,724,575,23.35,125.91,65*,1,0,44,29,19,0
AD Nath,"RCB, KXIP, GL",14,10,0.0,90,98,9.0,91.84,24,0,0,7,2,2,0
AD Russell,"DD, KKR",139,115,21.0,2651,1522,28.2,174.18,88*,12,0,186,223,36,0
AF Milne,"MI, RCB, CSK",10,6,2.0,23,29,5.75,79.31,15,0,0,0,1,7,0
AG Murtaza,"PWI, MI",12,3,2.0,10,14,10.0,71.43,5,0,0,1,0,3,0
AG Paunikar,RR,5,5,0.0,49,58,9.8,84.48,20,0,0,9,0,1,0
AJ Finch,"DD, PWI, RR, MI, KXIP, SRH, KKR, RCB, GL",92,90,6.0,2091,1631,24.89,128.2,88*,15,0,214,78,28,0
AJ Hosein,SRH,1,1,1.0,16,10,0.0,160.0,16*,0,0,1,1,0,0
AJ Turner,"RR, LSG",6,6,1.0,24,28,4.8,85.71,16,0,0,0,2,0,0
AJ Tye,"LSG, RR, KXIP, GL",30,13,4.0,91,76,10.11,119.74,25,0,0,6,5,7,0
AK Markram,"SRH, LSG, PBKS",57,55,9.0,1440,1066,31.3,135.08,68*,10,0,111,57,31,0
AL Menaria,RR,29,23,2.0,401,356,19.1,112.64,40,0,0,24,18,4,0
AM Nayar,"PWI, RR, MI, KXIP",60,50,12.0,672,577,17.68,116.46,45*,0,0,55,20,13,0
AM Rahane,"RR, MI, CSK, RPS, KKR, DC",198,183,18.0,5032,4025,30.5,125.02,105*,33,2,515,123,77,0
AM Salvi,DD,7,0,-,0,0,-,-,-,0,0,0,0,2,0
AN Ahmed,"MI, RCB",17,6,5.0,36,26,36.0,138.46,18*,0,0,4,1,2,0
AN Ghosh,KKR,2,2,0.0,7,8,3.5,87.5,7,0,0,1,0,1,0
AP Dole,RR,3,2,0.0,34,22,17.0,154.55,30,0,0,3,1,2,0
AP Majumdar,PWI,4,4,0.0,87,76,21.75,114.47,31,0,0,7,2,0,0
AP Tare,"Unknown, DD, SRH, MI",35,28,4.0,339,273,14.12,124.18,59,1,0,40,11,3,6
AR Bawne,DD,1,1,1.0,12,12,0.0,100.0,12*,0,0,1,0,0,0
AR Patel,"Unknown, DC, KXIP",163,124,37.0,1916,1430,22.02,133.99,66,3,0,130,94,72,0
AS Joseph,"GT, MI, RCB",22,7,6.0,27,32,27.0,84.38,15*,0,0,3,0,3,0
AS Rajpoot,"KKR, RR, KXIP, CSK",29,7,2.0,26,41,5.2,63.41,8,0,0,2,1,3,0
AS Raut,RR,22,16,7.0,194,167,21.56,116.17,36*,0,0,13,7,10,0
AS Roy,"Unknown, KKR, MI",11,7,3.0,26,25,6.5,104.0,13*,0,0,3,0,8,0
AS Yadav,DEC,8,6,1.0,49,39,9.8,125.64,16,0,0,5,2,1,0
AT Carey,DC,3,3,1.0,32,29,16.0,110.34,14*,0,0,0,1,2,0
AT Rayudu,"MI, CSK",204,187,32.0,4348,3409,28.05,127.54,100*,22,1,359,173,64,2
AU Rashid,"SRH, PBKS",3,2,0.0,22,16,11.0,137.5,18,0,0,2,1,0,0
AUK Pathan,RCB,8,7,2.0,39,23,7.8,169.57,14,0,0,5,2,2,0
AV Wankhade,Unknown,0,0,-,0,0,-,-,-,0,0,0,0,1,0
Abdul Basith,RR,1,1,1.0,1,1,0.0,100.0,1*,0,0,0,0,0,0
Abdul Samad,"SRH, LSG",63,52,14.0,741,488,19.5,151.84,45,0,0,45,50,31,0
Abdur Razzak,RCB,1,1,1.0,0,2,0.0,0.0,0*,0,0,0,0,0,0
Abhishek Sharma,"DD, SRH",77,74,7.0,1816,1114,27.1,163.02,141,9,1,174,101,25,0
Abishek Porel,DC,32,29,3.0,661,441,25.42,149.89,65,3,0,65,27,9,0
Akash Deep,"RCB, LSG",14,5,2.0,25,14,8.33,178.57,17,0,0,2,2,2,0
Akash Madhwal,"RR, MI",17,2,2.0,8,14,0.0,57.14,4*,0,0,0,0,1,0
Akash Singh,"LSG, RR, CSK",10,0,-,0,0,-,-,-,0,0,0,0,1,0
Aman Hakim Khan,"KKR, DC",12,10,1.0,115,104,12.78,110.58,51,1,0,8,6,9,0
Anand Rajan,"SRH, DEC",8,0,-,0,0,-,-,-,0,0,0,0,3,0
Aniket Verma,SRH,14,12,3.0,236,142,26.22,166.2,74,1,0,12,20,6,0
Anirudh Singh,DEC,5,4,0.0,63,66,15.75,95.45,40,0,0,6,1,3,0
Ankit Sharma,"SRH, RPS, RR, DEC",22,10,3.0,87,67,12.43,129.85,30,0,0,7,4,4,0
Ankit Soni,GL,7,3,1.0,7,9,3.5,77.78,7*,0,0,0,1,1,0
Anmolpreet Singh,"Unknown, SRH, MI",9,9,0.0,139,115,15.44,120.87,36,0,0,19,3,2,0
Anuj Rawat,"RR, RCB",24,21,5.0,318,267,19.88,119.1,66,1,0,26,14,18,0
Anureet Singh,"KKR, RR, KXIP",23,8,4.0,36,47,9.0,76.6,15,0,0,2,1,5,0
Arjun Tendulkar,MI,5,1,0.0,13,9,13.0,144.44,13,0,0,0,1,0,0
Arshad Khan,"GT, MI, LSG",18,11,6.0,119,84,23.8,141.67,58*,1,0,5,9,6,0
Arshad Khan (2),LSG,1,1,0.0,5,4,5.0,125.0,5,0,0,1,0,0,0
Arshdeep Singh,"KXIP, PBKS",83,14,8.0,31,46,5.17,67.39,10*,0,0,4,0,12,0
Ashok Sharma,Unknown,0,0,-,0,0,-,-,-,0,0,0,0,1,0
Ashutosh Sharma,"DC, PBKS",24,18,4.0,393,240,28.07,163.75,66*,2,0,24,28,4,0
Ashwani Kumar,MI,7,0,-,0,0,-,-,-,0,0,0,0,2,0
Atharva Taide,"SRH, PBKS",10,10,0.0,260,177,26.0,146.89,66,2,0,30,8,5,0
Avesh Khan,"DD, RR, LSG, DC, RCB",75,14,11.0,62,37,20.67,167.57,19*,0,0,6,4,11,0
Azhar Mahmood,"KKR, KXIP",23,21,2.0,388,303,20.42,128.05,80,2,0,39,13,7,0
Azmatullah Omarzai,"GT, PBKS",17,9,1.0,99,74,12.38,133.78,21*,0,0,8,5,0,0
B Akhil,"KTK, RCB",15,11,5.0,76,55,12.67,138.18,27*,0,0,5,5,3,0
B Aparajith,Unknown,0,0,-,0,0,-,-,-,0,0,0,0,1,0
B Chipli,"DD, DEC, RCB",23,21,6.0,280,251,18.67,111.55,61*,1,0,28,7,4,0
B Geeves,DD,2,0,-,0,0,-,-,-,0,0,0,0,3,0
B Indrajith,KKR,3,3,0.0,21,30,7.0,70.0,15,0,0,2,0,1,0
B Kumar,"SRH, PWI, RCB",190,74,36.0,320,351,8.42,91.17,27,0,0,31,3,32,0
B Laughlin,"RR, CSK",9,4,2.0,5,13,2.5,38.46,4*,0,0,0,0,1,0
B Lee,"KKR, KXIP",38,19,9.0,124,97,12.4,127.84,25,0,0,8,8,8,0
B Sai Sudharsan,GT,40,40,4.0,1793,1229,49.81,145.89,108*,12,2,183,53,10,0
B Stanlake,"SRH, RCB",6,1,1.0,5,2,0.0,250.0,5*,0,0,1,0,1,0
B Sumanth,DEC,5,4,3.0,35,37,35.0,94.59,16,0,0,3,0,4,0
BA Bhatt,KXIP,17,2,1.0,6,7,6.0,85.71,6*,0,0,0,1,0,0
BA Stokes,"RPS, RR, CSK",45,44,6.0,935,698,24.61,133.95,107*,2,2,81,32,23,0
BAW Mendis,"KKR, PWI",10,3,1.0,3,6,1.5,50.0,2,0,0,0,0,1,0
BB McCullum,"RCB, CSK, KKR, KTK, GL",109,109,5.0,2880,2186,27.69,131.75,158*,13,2,293,130,38,6
BB Samantray,"SRH, DEC",9,8,3.0,125,113,25.0,110.62,55,1,0,13,2,3,0
BB Sran,"SRH, RR, MI, KXIP",24,9,8.0,10,14,10.0,71.43,3*,0,0,0,0,4,0
BCJ Cutting,"SRH, RR, MI",21,17,6.0,238,141,21.64,168.79,39*,0,0,15,19,10,0
BE Hendricks,KXIP,7,3,2.0,1,3,1.0,33.33,1*,0,0,0,0,3,0
BJ Haddin,KKR,1,1,0.0,18,11,18.0,163.64,18,0,0,2,1,0,0
BJ Hodge,"KKR, RR, KTK",66,63,21.0,1400,1118,33.33,125.22,73,6,0,122,43,22,0
BJ Rohrer,DD,8,8,2.0,193,140,32.17,137.86,64*,1,0,21,5,3,0
BKG Mendis,GT,1,1,0.0,20,10,20.0,200.0,20,0,0,1,2,1,0
BMAJ Mendis,DD,3,3,0.0,23,27,7.67,85.19,12,0,0,0,0,2,0
BR Dunk,MI,3,3,0.0,40,35,13.33,114.29,20,0,0,7,0,4,0
BR Sharath,GT,1,1,0.0,2,5,2.0,40.0,2,0,0,0,0,1,0
BW Hilfenhaus,CSK,17,1,1.0,0,0,0.0,0.0,0*,0,0,0,0,1,0
Basil Thampi,"SRH, MI, GL",25,8,7.0,32,35,32.0,91.43,13*,0,0,1,1,4,0
Bipul Sharma,"SRH, KXIP",33,17,9.0,187,123,23.38,152.03,35*,0,0,11,9,7,0
C Bosch,MI,3,2,0.0,47,32,23.5,146.88,27,0,0,3,3,2,0
C Ganapathy,CSK,1,1,1.0,0,0,0.0,0.0,0*,0,0,0,0,0,0
C Green,"MI, RCB",29,28,11.0,707,460,41.59,153.7,100*,2,1,62,32,10,0
C Madan,MI,1,1,0.0,15,19,15.0,78.95,15,0,0,3,0,0,0
C Munro,"DD, KKR, DC",13,12,0.0,177,141,14.75,125.53,40,0,0,19,8,4,0
C Nanda,MI,3,1,0.0,0,1,0.0,0.0,0,0,0,0,0,0,0
C Sakariya,"KKR, RR, DC",20,8,2.0,20,31,3.33,64.52,7,0,0,3,0,6,0
C de Grandhomme,"KKR, RCB",25,21,5.0,303,225,18.94,134.67,40,0,0,18,18,6,0
CA Ingram,"DD, DC",15,15,3.0,205,180,17.08,113.89,47,0,0,22,5,1,0
CA Lynn,"DEC, KKR, MI",42,42,3.0,1329,945,34.08,140.63,93*,10,0,132,66,12,0
CA Pujara,"KKR, KXIP, RCB",30,22,3.0,390,391,20.53,99.74,51,1,0,50,4,6,0
CH Gayle,"KKR, KXIP, RCB, PBKS",141,141,16.0,4965,3333,39.72,148.96,175*,31,6,405,357,29,0
CH Morris,"DD, RR, CSK, DC, RCB",81,51,23.0,618,398,22.07,155.28,82*,2,0,41,35,36,0
CJ Anderson,"DD, MI, RCB",30,29,7.0,538,423,24.45,127.19,95*,3,0,40,31,11,0
CJ Dala,DD,1,0,-,0,0,-,-,-,0,0,0,0,0,0
CJ Ferguson,PWI,9,8,2.0,98,117,16.33,83.76,23,0,0,9,0,2,0
CJ Green,KKR,1,0,-,0,0,-,-,-,0,0,0,0,1,0
CJ Jordan,"RCB, MI, PBKS, CSK, SRH, KXIP",34,13,3.0,81,77,8.1,105.19,30,0,0,3,3,14,0
CJ McKay,MI,2,1,0.0,8,15,8.0,53.33,8,0,0,0,0,0,0
CK Kapugedera,CSK,5,3,0.0,16,23,5.33,69.57,8,0,0,0,0,4,0
CK Langeveldt,"KKR, RCB",7,2,0.0,8,9,4.0,88.89,8,0,0,0,1,0,0
CL White,"SRH, DEC, RCB",47,45,9.0,954,755,26.5,126.36,78,6,0,76,36,22,0
CM Gautam,"DD, MI",13,13,3.0,169,150,16.9,112.67,33,0,0,17,6,3,4
CR Brathwaite,"DD, KKR, SRH",16,14,1.0,181,111,13.92,163.06,43*,0,0,10,16,6,0
CR Woakes,"KKR, DC, RCB",21,12,6.0,78,77,13.0,101.3,18,0,0,7,2,6,0
CRD Fernando,MI,10,2,2.0,4,3,0.0,133.33,2*,0,0,0,0,2,0
CV Varun,"KKR, KXIP",83,13,9.0,26,47,6.5,55.32,10*,0,0,2,0,13,0
D Brevis,"MI, CSK",16,16,0.0,455,297,28.44,153.2,57,2,0,30,33,10,0
D Ferreira,"Unknown, RR, DC",3,3,0.0,9,14,3.0,64.29,7,0,0,0,0,3,0
D Jansen,MI,1,0,-,0,0,-,-,-,0,0,0,0,2,0
D Kalyankrishna,DEC,3,1,0.0,3,8,3.0,37.5,3,0,0,0,0,1,0
D Padikkal,"RR, RCB, LSG",74,74,3.0,1806,1430,25.44,126.29,101*,11,1,192,56,29,0
D Pretorius,CSK,7,5,1.0,44,28,11.0,157.14,22,0,0,3,3,3,0
D Salunkhe,RR,6,3,1.0,33,24,16.5,137.5,26*,0,0,5,0,2,0
D Wiese,"KKR, RCB",18,11,6.0,148,101,29.6,146.53,47*,0,0,12,7,8,0
D du Preez,RCB,2,1,0.0,10,13,10.0,76.92,10,0,0,0,0,0,0
DA Miller,"RR, GT, KXIP, LSG",141,135,49.0,3077,2220,35.78,138.6,101*,13,1,220,138,85,0
DA Warner,"SRH, DD, DC",184,184,22.0,6565,4697,40.52,139.77,126,62,4,663,236,88,0
DAJ Bracewell,DD,1,1,1.0,12,9,0.0,133.33,12*,0,0,1,0,1,0
DB Das,KKR,31,22,8.0,304,261,21.71,116.48,35*,0,0,23,16,7,0
DB Ravi Teja,"SRH, DEC",32,25,6.0,375,317,19.74,118.3,60,1,0,35,9,11,0
DE Bollinger,CSK,27,4,3.0,21,23,21.0,91.3,16*,0,0,1,1,6,0
DG Nalkande,GT,6,2,0.0,12,12,6.0,100.0,12,0,0,0,1,2,0
DH Yagnik,RR,25,17,7.0,170,137,17.0,124.09,34,0,0,23,2,12,5
DJ Bravo,"GL, MI, CSK",160,113,44.0,1560,1204,22.61,129.57,70*,5,0,120,66,69,0
DJ Harris,DEC,4,4,0.0,111,101,27.75,109.9,47,0,0,11,5,5,0
DJ Hooda,"RR, LSG, PBKS, CSK, SRH, KXIP",125,101,16.0,1496,1172,17.6,127.65,64,8,0,98,62,59,0
DJ Hussey,"KKR, KXIP, CSK",64,61,12.0,1322,1075,26.98,122.98,71,5,0,90,60,25,0
DJ Jacobs,MI,7,7,0.0,92,98,13.14,93.88,32,0,0,10,4,3,2
DJ Malan,PBKS,1,1,0.0,26,26,26.0,100.0,26,0,0,1,1,1,0
DJ Mitchell,"RR, CSK",15,15,2.0,351,267,27.0,131.46,63,2,0,28,10,11,0
DJ Muthuswami,DD,6,2,1.0,1,3,1.0,33.33,1,0,0,0,0,0,0
DJ Thornely,MI,6,4,1.0,39,53,13.0,73.58,30,0,0,2,2,2,0
DJ Willey,"RCB, CSK",11,5,3.0,53,62,26.5,85.48,20*,0,0,7,0,4,0
DJG Sammy,"SRH, RCB",22,20,5.0,295,241,19.67,122.41,60,1,0,15,18,9,0
DJM Short,RR,7,7,0.0,115,99,16.43,116.16,44,0,0,11,5,2,0
DL Chahar,"RPS, MI, CSK",95,17,9.0,117,84,14.62,139.29,39,0,0,5,8,13,0
DL Vettori,"DD, RCB",34,17,9.0,121,113,15.12,107.08,29,0,0,11,2,11,0
DM Bravo,KKR,1,1,1.0,6,5,0.0,120.0,6*,0,0,1,0,0,0
DNT Zoysa,DEC,3,2,1.0,11,9,11.0,122.22,10*,0,0,1,0,0,0
DP Conway,CSK,29,28,3.0,1080,773,43.2,139.72,92*,11,0,117,34,10,0
DP Nannes,"DD, RCB, CSK",29,3,2.0,4,13,4.0,30.77,3,0,0,0,0,8,0
DP Vijaykumar,DEC,9,2,2.0,1,1,0.0,100.0,1*,0,0,0,0,0,0
DPMD Jayawardene,"DD, KTK, KXIP",80,78,15.0,1802,1462,28.6,123.26,110*,10,1,200,39,32,0
DR Martyn,RR,1,1,0.0,19,24,19.0,79.17,19,0,0,1,0,0,0
DR Sams,"Unknown, MI, DC, RCB",16,13,4.0,44,44,4.89,100.0,15,0,0,1,3,11,0
DR Shorey,CSK,2,2,0.0,13,17,6.5,76.47,8,0,0,0,1,6,0
DR Smith,"CSK, DEC, MI, GL",91,89,5.0,2385,1764,28.39,135.2,87*,17,0,245,117,41,0
DS Kulkarni,"RR, MI, GL",92,23,14.0,104,108,11.56,96.3,28*,0,0,7,2,18,0
DS Lehmann,RR,2,2,0.0,18,18,9.0,100.0,17,0,0,3,0,0,0
DS Rathi,LSG,13,2,1.0,1,3,1.0,33.33,1,0,0,0,0,3,0
DT Christian,"DD, RPS, DEC, RCB",49,41,10.0,460,398,14.84,115.58,39,0,0,23,19,28,0
DT Patil,RCB,2,2,0.0,13,13,6.5,100.0,9,0,0,1,0,2,0
DW Steyn,"SRH, DEC, RCB, GL",95,37,15.0,167,160,7.59,104.38,19*,0,0,14,3,22,0
Dhruv Jurel,RR,41,35,11.0,680,442,28.33,153.85,70,4,0,51,38,19,0
E Lewis,"RR, MI, LSG",27,26,2.0,654,477,27.25,137.11,65,4,0,62,36,9,0
E Malinga,SRH,7,0,-,0,0,-,-,-,0,0,0,0,1,0
EJG Morgan,"RCB, KKR, SRH, KXIP",83,75,13.0,1405,1146,22.66,122.6,68*,5,0,112,64,36,0
ER Dwivedi,GL,4,2,0.0,24,14,12.0,171.43,19,0,0,2,2,2,0
F Behardien,KXIP,3,3,1.0,14,13,7.0,107.69,9*,0,0,2,0,1,0
F du Plessis,"Unknown, CSK, RPS, DC, RCB",154,147,11.0,4773,3515,35.1,135.79,96,39,0,440,174,86,0
FA Allen,"MI, PBKS",5,4,2.0,14,19,7.0,73.68,8,0,0,1,0,2,0
FH Edwards,DEC,6,2,1.0,4,5,4.0,80.0,3*,0,0,0,0,0,0
FY Fazal,RR,12,11,1.0,183,173,18.3,105.78,45,0,0,22,1,7,0
Fazalhaq Farooqi,"SRH, RR",12,3,3.0,5,15,0.0,33.33,2*,0,0,0,0,1,0
G Coetzee,"GT, MI",14,7,1.0,31,33,5.17,93.94,12,0,0,2,2,3,0
G Gambhir,"DD, KKR",154,152,16.0,4217,3404,31.01,123.88,93,36,0,492,59,28,0
GB Hogg,"KKR, RR",21,6,3.0,22,22,7.33,100.0,13,0,0,1,0,4,0
GC Smith,"PWI, RR",29,29,3.0,739,668,28.42,110.63,91,4,0,94,9,7,0
GC Viljoen,KXIP,6,3,1.0,3,7,1.5,42.86,2*,0,0,0,0,0,0
GD McGrath,DD,14,3,2.0,4,5,4.0,80.0,4*,0,0,1,0,2,0
GD Phillips,"SRH, RR",8,8,1.0,65,55,9.29,118.18,25,0,0,3,6,3,0
GH Vihari,"SRH, DC",24,23,3.0,284,321,14.2,88.47,46,0,0,23,1,6,0
GHS Garton,RCB,5,3,2.0,2,4,2.0,50.0,2*,0,0,0,0,1,0
GJ Bailey,"RPS, KXIP, CSK",40,37,10.0,663,544,24.56,121.88,61*,2,0,59,19,12,0
GJ Maxwell,"DD, RCB, MI, PBKS, KXIP",141,135,17.0,2819,1817,23.89,155.15,95,18,0,238,161,52,0
GR Napier,MI,1,1,0.0,15,16,15.0,93.75,15,0,0,1,0,0,0
GS Sandhu,DD,3,0,-,0,0,-,-,-,0,0,0,0,0,0
Gagandeep Singh,KXIP,4,0,-,0,0,-,-,-,0,0,0,0,0,0
Gulbadin Naib,DC,2,1,0.0,19,15,19.0,126.67,19,0,0,1,1,1,0
Gurkeerat Singh,"RCB, KXIP",41,32,8.0,511,422,21.29,121.09,65,2,0,55,11,19,1
Gurnoor Brar,PBKS,1,0,-,0,0,-,-,-,0,0,0,0,0,0
H Das,DEC,1,1,0.0,2,5,2.0,40.0,2,0,0,0,0,0,0
H Klaasen,"SRH, RR, RCB",49,45,8.0,1480,872,40.0,169.72,105*,7,2,98,89,22,7
H Sharma,RCB,2,0,-,0,0,-,-,-,0,0,0,0,0,0
HC Brook,SRH,11,11,2.0,190,154,21.11,123.38,100*,0,1,23,4,3,0
HE van der Dussen,RR,3,3,1.0,22,24,11.0,91.67,12*,0,0,2,0,0,0
HF Gurney,KKR,8,1,1.0,1,5,0.0,20.0,1*,0,0,0,0,0,0
HH Gibbs,"DEC, MI",36,36,4.0,886,807,27.69,109.79,69*,6,0,83,31,22,0
HH Pandya,"GT, MI",152,140,43.0,2749,1871,28.34,146.93,91,10,0,207,149,66,0
HM Amla,KXIP,16,16,3.0,577,407,44.38,141.77,104*,3,2,60,21,0,0
HR Shokeen,MI,13,6,3.0,66,65,22.0,101.54,25,0,0,9,0,5,0
HV Patel,"DD, PBKS, SRH, DC, RCB",118,46,17.0,270,229,9.31,117.9,36*,0,0,16,15,26,0
Harbhajan Singh,"KKR, MI, CSK",163,90,35.0,833,604,15.15,137.91,64,1,0,79,42,38,0
Harmeet Singh,"DEC, KXIP",28,6,2.0,18,12,4.5,150.0,14,0,0,3,0,3,0
Harpreet Brar,"KXIP, PBKS",49,26,14.0,244,203,20.33,120.2,29,0,0,19,10,14,0
Harpreet Singh,"KKR, PWI, PBKS",9,8,1.0,123,119,17.57,103.36,41,0,0,10,3,3,0
Harsh Dubey,SRH,3,0,-,0,0,-,-,-,0,0,0,0,0,0
Harshit Rana,KKR,33,10,4.0,59,56,9.83,105.36,34,0,0,5,3,11,0
Himmat Singh,LSG,3,0,-,0,0,-,-,-,0,0,0,0,1,0
I Malhotra,DEC,1,1,1.0,7,4,0.0,175.0,7*,0,0,1,0,0,0
I Sharma,"DEC, GT, SRH, RPS, KKR, DC, KXIP",117,28,22.0,57,69,9.5,82.61,10*,0,0,4,2,20,0
I Udana,RCB,10,4,1.0,15,11,5.0,136.36,10*,0,0,1,1,3,0
IC Pandey,"PWI, CSK",25,1,0.0,0,2,0.0,0.0,0,0,0,0,0,6,0
IC Porel,PBKS,1,0,-,0,0,-,-,-,0,0,0,0,0,0
IK Pathan,"DD, SRH, RPS, KXIP, GL",103,82,29.0,1139,946,21.49,120.4,60,1,0,87,37,28,0
IR Jaggi,"DEC, KKR",7,7,2.0,76,97,15.2,78.35,28,0,0,6,0,2,0
IS Sodhi,RR,8,2,0.0,7,17,3.5,41.18,6,0,0,0,0,0,0
Imran Tahir,"DD, RPS, CSK",59,9,5.0,33,37,8.25,89.19,13*,0,0,5,0,8,0
Iqbal Abdulla,"KKR, RR, RCB",49,13,11.0,88,84,44.0,104.76,33*,0,0,9,1,12,0
Ishan Kishan,"SRH, MI, GL",119,112,9.0,2998,2178,29.11,137.65,106*,17,1,288,134,59,5
J Arunkumar,RCB,3,3,0.0,23,23,7.67,100.0,22,0,0,5,0,0,0
J Botha,"DD, KKR, RR",34,28,8.0,409,359,20.45,113.93,67*,1,0,39,5,16,0
J Fraser-McGurk,DC,15,15,0.0,385,193,25.67,199.48,84,4,0,39,30,8,0
J Little,GT,11,0,-,0,0,-,-,-,0,0,0,0,5,0
J Overton,CSK,3,2,2.0,15,7,0.0,214.29,11*,0,0,1,1,0,0
J Suchith,"Unknown, SRH, MI, DC",22,10,6.0,70,61,17.5,114.75,34*,0,0,6,3,17,0
J Syed Mohammad,RCB,11,5,3.0,29,26,14.5,111.54,13*,0,0,4,0,1,0
J Theron,"DEC, RR, KXIP",10,4,2.0,10,12,5.0,83.33,7*,0,0,1,0,1,0
J Yadav,"DD, GT, MI",20,5,1.0,40,36,10.0,111.11,23,0,0,2,1,7,0
JA Morkel,"DD, RPS, RCB, CSK",90,68,28.0,974,686,24.35,141.98,73*,3,0,61,55,17,0
JA Richardson,"DC, PBKS",4,3,0.0,17,26,5.67,65.38,15,0,0,2,0,1,0
JC Archer,"RR, MI",52,32,13.0,262,178,13.79,147.19,30,0,0,14,18,8,0
JC Buttler,"GT, RR, MI",121,119,16.0,4120,2758,40.0,149.38,124,24,7,408,185,63,3
JD Ryder,"PWI, RCB",29,29,1.0,604,458,21.57,131.88,86,4,0,69,19,10,0
JD Unadkat,"DD, RR, MI, LSG, SRH, RPS, KKR, RCB",112,32,16.0,197,166,12.31,118.67,26,0,0,16,7,19,0
JDP Oram,"RR, MI, CSK",18,12,4.0,106,108,13.25,98.15,41*,0,0,6,5,7,0
JDS Neesham,"DD, RR, MI, KXIP",14,10,1.0,92,93,10.22,98.92,22,0,0,6,2,2,0
JE Root,RR,3,1,0.0,10,15,10.0,66.67,10,0,0,1,0,2,0
JE Taylor,PWI,5,2,1.0,3,3,3.0,100.0,2,0,0,0,0,0,0
JEC Franklin,MI,20,16,5.0,327,301,29.73,108.64,79,1,0,25,9,6,0
JG Bethell,RCB,2,2,0.0,67,39,33.5,171.79,55,1,0,9,3,1,0
JH Kallis,"KKR, RCB",98,96,11.0,2427,2222,28.55,109.23,89*,17,0,255,44,30,0
JJ Bumrah,MI,145,31,24.0,68,79,9.71,86.08,16*,0,0,5,1,14,0
JJ Roy,"DD, KKR, SRH, GL",21,21,2.0,614,443,32.32,138.6,91*,4,0,75,21,10,0
JJ van der Wath,RCB,3,3,1.0,18,16,9.0,112.5,14*,0,0,1,1,0,0
JL Denly,KKR,1,1,0.0,0,1,0.0,0.0,0,0,0,0,0,0,0
JL Pattinson,MI,10,2,1.0,15,13,15.0,115.38,11,0,0,2,0,2,0
JM Bairstow,"SRH, MI, PBKS",52,52,4.0,1674,1146,34.88,146.07,114,9,2,173,74,29,4
JM Kemp,CSK,5,2,0.0,26,24,13.0,108.33,22,0,0,1,1,1,0
JM Sharma,"RCB, PBKS",55,47,8.0,991,631,25.41,157.05,85*,1,0,77,62,44,5
JO Holder,"RR, LSG, CSK, SRH, KKR",46,27,6.0,259,211,12.33,122.75,47*,0,0,13,18,14,0
JP Behrendorff,MI,17,2,2.0,6,9,0.0,66.67,3*,0,0,0,0,2,0
JP Duminy,"DD, DEC, MI",83,77,26.0,2029,1636,39.78,124.02,78*,14,0,126,79,30,0
JP Faulkner,"PWI, RR, KXIP, GL",60,45,20.0,527,389,21.08,135.48,46,0,0,36,23,16,0
JP Inglis,PBKS,12,11,2.0,278,171,30.89,162.57,73,1,0,26,16,9,1
JPR Scantlebury-Searles,KKR,4,2,1.0,8,6,8.0,133.33,6*,0,0,0,1,4,0
JR Hazlewood,"RCB, CSK",39,7,7.0,19,29,0.0,65.52,7*,0,0,1,0,2,0
JR Hopes,"DD, KXIP",21,19,3.0,417,306,26.06,136.27,71,4,0,49,11,5,0
JR Philippe,RCB,5,5,1.0,78,77,19.5,101.3,33,0,0,9,1,0,0
JW Hastings,"KKR, CSK",3,0,-,0,0,-,-,-,0,0,0,0,0,0
Jalaj S Saxena,PBKS,1,0,-,0,0,-,-,-,0,0,0,0,0,0
Jaskaran Singh,DEC,8,5,4.0,8,11,8.0,72.73,4*,0,0,0,0,0,0
Joginder Sharma,CSK,16,6,2.0,36,30,9.0,120.0,16,0,0,1,2,5,0
K Goel,KXIP,22,17,2.0,218,231,14.53,94.37,38,0,0,17,9,9,0
K Gowtham,"Unknown, RR, KXIP, LSG",36,27,9.0,247,148,13.72,166.89,33*,0,0,15,17,21,0
K Kartikeya,"RR, MI",16,4,0.0,12,17,3.0,70.59,6,0,0,1,0,1,0
K Khejroliya,"KKR, GT, RCB",8,0,-,0,0,-,-,-,0,0,0,0,1,0
K Rabada,"DD, GT, DC, PBKS",84,33,15.0,215,201,11.94,106.97,44,0,0,16,9,26,0
K Santokie,MI,2,0,-,0,0,-,-,-,0,0,0,0,1,0
K Upadhyay,PWI,3,2,2.0,12,9,0.0,133.33,11*,0,0,0,1,1,0
K Yadav,RR,3,1,1.0,0,4,0.0,0.0,0*,0,0,0,0,0,0
KA Jamieson,"RCB, PBKS",13,9,5.0,65,60,16.25,108.33,16*,0,0,5,3,2,0
KA Maharaj,RR,2,1,0.0,1,2,1.0,50.0,1,0,0,0,0,1,0
KA Pollard,MI,189,171,52.0,3412,2316,28.67,147.32,87*,16,0,218,223,97,0
KAJ Roach,DEC,2,1,0.0,10,9,10.0,111.11,10,0,0,1,0,1,0
KB Arun Karthik,"RCB, CSK",17,8,3.0,51,51,10.2,100.0,19*,0,0,4,1,12,2
KC Cariappa,"KKR, KXIP",11,5,2.0,24,21,8.0,114.29,12*,0,0,0,2,2,0
KC Sangakkara,"SRH, DEC, KXIP",71,68,3.0,1687,1392,25.95,121.19,94,10,0,195,27,45,9
KD Karthik,"DD, RCB, MI, KKR, KXIP, GL",257,234,50.0,4842,3577,26.32,135.36,97*,22,0,466,161,145,37
KH Devdhar,DEC,1,0,-,0,0,-,-,-,0,0,0,0,0,1
KH Pandya,"MI, RCB, LSG",142,118,37.0,1756,1326,21.68,132.43,86,2,0,153,65,47,0
KJ Abbott,KXIP,5,3,2.0,13,8,13.0,162.5,12*,0,0,0,1,0,0
KK Ahmed,"SRH, DC, CSK",71,7,2.0,2,9,0.4,22.22,1,0,0,0,0,5,0
KK Cooper,RR,25,14,5.0,116,68,12.89,170.59,32,0,0,9,8,11,0
KK Nair,"DD, RCB, RR, DC, KXIP",84,76,5.0,1694,1286,23.86,131.73,89,11,0,185,49,28,0
KL Nagarkoti,"KKR, DC",12,7,3.0,22,33,5.5,66.67,8*,0,0,1,0,9,0
KL Rahul,"PBKS, KXIP, LSG, SRH, DC, RCB",146,136,23.0,5222,3839,46.21,136.03,132*,40,5,452,208,81,7
KM Asif,"RR, CSK",7,1,0.0,0,2,0.0,0.0,0,0,0,0,0,1,0
KM Jadhav,"DD, RCB, CSK, SRH, KTK",95,81,27.0,1208,981,22.37,123.14,69,4,0,102,40,31,7
KMA Paul,"Unknown, DC",8,6,1.0,18,24,3.6,75.0,7,0,0,1,1,6,0
KMDN Kulasekara,CSK,5,1,1.0,5,3,0.0,166.67,5*,0,0,1,0,3,0
KP Appanna,RCB,13,3,2.0,2,4,2.0,50.0,1*,0,0,0,0,3,0
KP Pietersen,"DD, RPS, RCB",36,36,8.0,1001,743,35.75,134.72,103*,4,1,91,40,12,0
KR Mayers,LSG,13,13,0.0,379,263,29.15,144.11,73,4,0,38,22,2,0
KR Sen,RR,12,1,1.0,0,3,0.0,0.0,0*,0,0,0,0,3,0
KS Bharat,"Unknown, DC, RCB",10,9,2.0,199,163,28.43,122.09,78*,1,0,12,8,5,1
KS Rathore,RR,1,1,0.0,0,5,0.0,0.0,0,0,0,0,0,0,0
KS Sharma,LSG,3,3,0.0,16,25,5.33,64.0,9,0,0,1,0,0,0
KS Williamson,"SRH, GT",79,77,17.0,2128,1694,35.47,125.62,89,18,0,186,64,40,0
KT Maphaka,"RR, MI",4,1,1.0,8,2,0.0,400.0,8*,0,0,2,0,2,0
KV Sharma,"SRH, MI, RCB, CSK",90,41,15.0,352,295,13.54,119.32,39*,0,0,20,17,18,0
KW Richardson,"PWI, RR, RCB",15,4,1.0,36,39,12.0,92.31,26,0,0,2,1,5,0
Kamran Akmal,RR,6,6,1.0,128,78,25.6,164.1,53*,1,0,13,8,5,4
Kamran Khan,"PWI, RR",9,2,1.0,3,5,3.0,60.0,3,0,0,0,0,4,0
Karanveer Singh,KXIP,9,4,3.0,12,17,12.0,70.59,5*,0,0,1,0,2,0
Karim Janat,GT,1,0,-,0,0,-,-,-,0,0,0,0,0,0
Kartik Tyagi,"SRH, RR, GT",20,7,3.0,13,16,3.25,81.25,7,0,0,1,0,3,0
Kuldeep Yadav,"KKR, DC",99,38,23.0,201,232,13.4,86.64,35*,0,0,18,3,13,0
Kumar Kushagra,DC,4,3,0.0,3,7,1.0,42.86,2,0,0,0,0,1,0
L Ablish,KXIP,3,1,1.0,0,2,0.0,0.0,0*,0,0,0,0,0,0
L Balaji,"KKR, KXIP, CSK",73,15,7.0,36,49,4.5,73.47,15,0,0,2,1,9,0
L Ngidi,"RCB, CSK",16,1,1.0,0,2,0.0,0.0,0*,0,0,0,0,1,0
L Ronchi,MI,5,5,0.0,34,34,6.8,100.0,13,0,0,6,1,4,0
L Wood,MI,2,1,1.0,9,3,0.0,300.0,9*,0,0,0,1,0,0
LA Carseldine,RR,5,5,1.0,81,68,20.25,119.12,39,0,0,11,0,4,0
LA Pomersbach,"Unknown, RCB, KXIP",17,16,5.0,302,246,27.45,122.76,79*,1,0,25,13,8,0
LB Williams,DC,2,1,1.0,1,2,0.0,50.0,1*,0,0,0,0,1,0
LE Plunkett,DD,7,2,1.0,1,3,1.0,33.33,1*,0,0,0,0,2,0
LH Ferguson,"PBKS, GT, RPS, KKR, RCB",49,11,8.0,72,47,24.0,153.19,24*,0,0,7,2,9,0
LI Meriwala,DC,1,0,-,0,0,-,-,-,0,0,0,0,0,0
LJ Wright,PWI,7,6,1.0,106,60,21.2,176.67,44,0,0,16,3,2,0
LMP Simmons,MI,29,29,2.0,1079,852,39.96,126.64,100*,11,1,109,44,10,0
LPC Silva,DEC,3,3,1.0,40,26,20.0,153.85,23*,0,0,5,1,3,0
LR Shukla,"DD, KKR",47,34,7.0,405,350,15.0,115.71,48*,0,0,33,16,15,0
LRPL Taylor,"DD, PWI, RR, RCB",55,54,14.0,1017,822,25.42,123.72,81*,3,0,66,46,18,0
LS Livingstone,"RR, RCB, PBKS",49,47,7.0,1051,662,26.28,158.76,94,7,0,70,75,20,0
Lalit Yadav,"Unknown, DC",27,21,5.0,305,290,19.06,105.17,48*,0,0,27,7,18,0
Liton Das,KKR,1,1,0.0,4,4,4.0,100.0,4,0,0,1,0,0,0
M Ashwin,"RCB, RR, MI, PBKS, RPS, KXIP",44,13,4.0,35,50,3.89,70.0,9,0,0,2,1,7,0
M Jansen,"SRH, MI, PBKS",36,21,10.0,141,129,12.82,109.3,34*,0,0,8,6,19,0
M Kaif,"RCB, RR, KXIP",29,22,4.0,259,250,14.39,103.6,34*,0,0,22,6,16,0
M Kartik,"KKR, KXIP, PWI, RCB",56,16,9.0,113,108,16.14,104.63,21,0,0,7,1,18,0
M Klinger,KTK,4,4,0.0,73,77,18.25,94.81,29,0,0,9,0,0,0
M Manhas,"DD, PWI, CSK",55,38,15.0,514,470,22.35,109.36,42*,0,0,43,10,20,0
M Markande,"SRH, RR, MI",37,11,8.0,48,42,16.0,114.29,18*,0,0,5,1,7,0
M Morkel,"DD, KKR, RR",70,23,12.0,126,90,11.45,140.0,23*,0,0,11,5,11,0
M Muralitharan,"RCB, KTK, CSK",66,9,3.0,20,30,3.33,66.67,6,0,0,1,0,14,0
M Ntini,CSK,9,2,1.0,11,18,11.0,61.11,11,0,0,2,0,1,0
M Pathirana,CSK,32,0,-,0,0,-,-,-,0,0,0,0,9,0
M Prasidh Krishna,"KKR, RR, GT",66,10,7.0,9,24,3.0,37.5,4*,0,0,0,0,13,0
M Rawat,"PWI, RR",18,12,7.0,55,69,11.0,79.71,23*,0,0,4,1,16,2
M Shahrukh Khan,"GT, PBKS",55,49,15.0,732,491,21.53,149.08,58,2,0,46,50,25,0
M Siddharth,LSG,5,0,-,0,0,-,-,-,0,0,0,0,1,0
M Theekshana,"RR, CSK",38,6,3.0,17,34,5.67,50.0,7*,0,0,0,1,4,0
M Tiwari,DC,2,1,0.0,3,4,3.0,75.0,3,0,0,0,0,2,0
M Vijay,"DD, KXIP, CSK",106,106,5.0,2619,2149,25.93,121.87,127,13,2,247,91,47,0
M Vohra,"RCB, RR, KXIP, LSG",56,51,2.0,1083,829,22.1,130.64,95,3,0,104,43,13,0
M de Lange,"KKR, MI",5,1,0.0,1,2,1.0,50.0,1,0,0,0,0,0,0
MA Agarwal,"DD, PBKS, KXIP, SRH, RPS, RCB",130,125,5.0,2756,2064,22.97,133.53,106,13,1,273,100,59,0
MA Khote,MI,4,3,1.0,24,22,12.0,109.09,9,0,0,2,1,0,0
MA Starc,"KKR, DC, RCB",52,23,12.0,111,119,10.09,93.28,29,0,0,11,0,28,0
MA Wood,"LSG, CSK",5,3,1.0,12,8,6.0,150.0,10*,0,0,1,1,3,0
MB Parmar,KKR,1,0,-,0,0,-,-,-,0,0,0,0,0,0
MC Henriques,"DD, PBKS, Unknown, SRH, KKR, RCB",62,54,18.0,1000,788,27.78,126.9,74*,5,0,87,28,29,0
MC Juneja,DD,7,7,0.0,125,128,17.86,97.66,49,0,0,11,1,0,0
MD Mishra,"DEC, PWI",18,17,1.0,237,208,14.81,113.94,41,0,0,24,8,1,0
MD Shanaka,GT,3,3,1.0,26,26,13.0,100.0,17,0,0,2,1,2,0
MDKJ Perera,RR,2,2,0.0,14,13,7.0,107.69,14,0,0,3,0,0,0
MEK Hussey,"MI, CSK",59,58,7.0,1977,1612,38.76,122.64,116*,15,1,198,52,26,0
MF Maharoof,DD,20,14,4.0,177,123,17.7,143.9,39,0,0,12,9,4,0
MG Bracewell,RCB,5,4,2.0,58,47,29.0,123.4,26,0,0,6,1,1,0
MG Johnson,"KKR, MI, KXIP",54,30,17.0,167,164,12.85,101.83,16*,0,0,10,7,15,0
MG Neser,KXIP,1,0,-,0,0,-,-,-,0,0,0,0,0,0
MJ Clarke,PWI,6,6,0.0,98,94,16.33,104.26,41,0,0,12,0,1,0
MJ Guptill,"SRH, MI, KXIP",13,13,1.0,270,196,22.5,137.76,50*,1,0,24,15,7,0
MJ Henry,"KXIP, LSG",6,0,-,0,0,-,-,-,0,0,0,0,0,0
MJ Lumb,"DEC, RR",12,12,0.0,278,194,23.17,143.3,83,1,0,45,6,5,0
MJ McClenaghan,MI,56,24,11.0,85,70,6.54,121.43,20,0,0,5,7,1,0
MJ Owen,PBKS,1,1,0.0,0,2,0.0,0.0,0,0,0,0,0,2,0
MJ Santner,"Unknown, MI, CSK",31,19,11.0,110,104,13.75,105.77,22,0,0,6,6,13,0
MJ Suthar,GT,1,1,0.0,1,2,1.0,50.0,1,0,0,0,0,0,0
MK Lomror,"Unknown, RR, RCB",40,35,6.0,527,373,18.17,141.29,54*,1,0,33,30,12,0
MK Pandey,"PWI, MI, LSG, SRH, KKR, DC, RCB",174,162,28.0,3942,3244,29.42,121.52,114*,22,1,340,115,85,0
MK Tiwary,"DD, RPS, KKR, KXIP",98,85,26.0,1695,1449,28.73,116.98,75*,7,0,156,40,47,0
ML Hayden,CSK,32,32,2.0,1107,805,36.9,137.52,93,8,0,121,44,11,0
MM Ali,"KKR, RCB, CSK",73,59,6.0,1167,835,22.02,139.76,93,6,0,95,67,22,0
MM Patel,"RR, MI, GL",63,15,9.0,39,41,6.5,95.12,23*,0,0,5,0,12,0
MM Sharma,"GT, DC, KXIP, CSK",120,33,15.0,125,136,6.94,91.91,21*,0,0,9,4,25,0
MN Samuels,"DD, PWI",15,14,1.0,161,172,12.38,93.6,46,0,0,9,7,2,0
MN van Wyk,KKR,5,5,2.0,167,132,55.67,126.52,74,1,0,19,1,7,0
MP Breetzke,LSG,1,1,0.0,14,12,14.0,116.67,14,0,0,1,1,0,0
MP Stoinis,"PBKS, KXIP, LSG, DC, RCB",110,99,27.0,2026,1400,28.14,144.71,124*,9,1,158,106,25,0
MP Yadav,LSG,6,0,-,0,0,-,-,-,0,0,0,0,3,0
MR Marsh,"PWI, DEC, LSG, SRH, RPS, DC",55,49,2.0,1292,904,27.49,142.92,117,9,1,104,75,11,0
MS Bhandage,RCB,1,1,0.0,1,4,1.0,25.0,1,0,0,0,0,2,0
MS Bisla,"RCB, KKR, KXIP",39,39,1.0,798,702,21.0,113.68,92,4,0,93,23,20,7
MS Dhoni,"RPS, CSK",277,242,100.0,5439,3957,38.3,137.45,84*,24,0,375,264,158,47
MS Gony,"CSK, DEC, KXIP, GL",44,17,7.0,99,71,9.9,139.44,42,0,0,6,8,4,0
MS Wade,"DD, GT",15,14,0.0,183,177,13.07,103.39,35,0,0,23,2,8,1
MV Boucher,"KKR, RCB",31,24,10.0,394,309,28.14,127.51,50*,1,0,32,13,14,3
MW Short,PBKS,6,6,0.0,117,92,19.5,127.17,36,0,0,15,4,5,0
Mandeep Singh,"RCB, PBKS, KKR, DC, KXIP",111,98,16.0,1706,1388,20.8,122.91,77*,6,0,176,38,38,0
Mashrafe Mortaza,KKR,1,1,1.0,2,2,0.0,100.0,2*,0,0,0,0,0,0
Mayank Dagar,"SRH, RCB",8,1,0.0,0,1,0.0,0.0,0,0,0,0,0,3,0
Milind Kumar,Unknown,0,0,-,0,0,-,-,-,0,0,0,0,1,0
Misbah-ul-Haq,RCB,8,8,1.0,117,81,16.71,144.44,47*,0,0,10,6,1,0
Mohammad Ashraful,MI,1,1,0.0,2,10,2.0,20.0,2,0,0,0,0,2,0
Mohammad Asif,DD,8,2,0.0,3,6,1.5,50.0,3,0,0,0,0,0,0
Mohammad Hafeez,KKR,8,8,1.0,64,83,9.14,77.11,16,0,0,7,2,1,0
Mohammad Nabi,"SRH, MI",24,19,3.0,215,150,13.44,143.33,31,0,0,18,11,18,0
Mohammed Shami,"DD, PBKS, GT, SRH, KKR, KXIP",119,29,15.0,84,89,6.0,94.38,21,0,0,7,2,19,0
Mohammed Siraj,"SRH, GT, RCB",108,26,16.0,112,123,11.2,91.06,14,0,0,10,4,33,0
Mohit Rathee,PBKS,1,1,1.0,1,2,0.0,50.0,1*,0,0,0,0,0,0
Mohsin Khan,LSG,24,5,2.0,25,24,8.33,104.17,13*,0,0,2,1,2,0
Monu Kumar,CSK,1,0,-,0,0,-,-,-,0,0,0,0,0,0
Mujeeb Ur Rahman,"SRH, MI, KXIP",20,7,4.0,12,15,4.0,80.0,10*,0,0,2,0,2,0
Mukesh Choudhary,CSK,16,2,1.0,6,6,6.0,100.0,4,0,0,1,0,3,0
Mukesh Kumar,DC,32,5,4.0,10,18,10.0,55.56,6*,0,0,0,0,5,0
Musheer Khan,PBKS,1,1,0.0,0,3,0.0,0.0,0,0,0,0,0,0,0
Mustafizur Rahman,"RR, MI, CSK, SRH, DC",60,10,8.0,13,24,6.5,54.17,8*,0,0,0,1,5,0
N Burger,RR,5,0,-,0,0,-,-,-,0,0,0,0,2,0
N Jagadeesan,"KKR, CSK",13,10,1.0,162,147,18.0,110.2,39*,0,0,21,2,1,0
N Pooran,"SRH, LSG, KXIP, PBKS",90,87,20.0,2293,1357,34.22,168.98,87*,14,0,158,167,40,4
N Rana,"KKR, RR, MI",118,112,9.0,2853,2086,27.7,136.77,87,20,0,261,141,26,0
N Saini,KXIP,10,10,0.0,140,141,14.0,99.29,50,1,0,16,0,11,2
N Thushara,"MI, RCB",8,0,-,0,0,-,-,-,0,0,0,0,1,0
N Wadhera,"MI, PBKS",37,31,4.0,719,503,26.63,142.94,70,4,0,60,39,12,0
NA Saini,RR,1,0,-,0,0,-,-,-,0,0,0,0,0,0
NB Singh,GL,2,0,-,0,0,-,-,-,0,0,0,0,0,0
ND Doshi,"RR, RCB",4,1,0.0,0,13,0.0,0.0,0,0,0,0,0,0,0
NJ Maddinson,RCB,3,3,0.0,20,21,6.67,95.24,12,0,0,4,0,1,0
NJ Rimmington,KXIP,1,1,1.0,1,1,0.0,100.0,1*,0,0,0,0,0,0
NK Patel,RR,9,6,2.0,121,119,30.25,101.68,57,1,0,14,1,6,0
NL McCullum,PWI,2,2,1.0,26,22,26.0,118.18,15,0,0,0,1,1,0
NLTC Perera,"KTK, MI, CSK, SRH, RPS, KXIP",37,30,8.0,422,307,19.18,137.46,40,0,0,23,26,13,0
NM Coulter-Nile,"DD, KKR, RR, MI",39,17,6.0,82,72,7.45,113.89,24*,0,0,7,4,10,0
NS Naik,"KKR, KXIP",4,4,0.0,31,50,7.75,62.0,22,0,0,2,0,3,0
NT Ellis,"CSK, PBKS",17,5,1.0,19,25,4.75,76.0,12,0,0,0,1,2,0
NV Ojha,"RR, SRH, DD",113,94,19.0,1554,1313,20.72,118.35,94*,6,0,121,79,65,10
Naman Dhir,MI,23,19,5.0,392,217,28.0,180.65,62*,1,0,37,23,15,0
Navdeep Saini,"RR, RCB",31,7,3.0,33,37,8.25,89.19,12*,0,0,3,0,8,0
Naveen-ul-Haq,LSG,18,6,5.0,18,25,18.0,72.0,13,0,0,2,0,6,0
Nithish Kumar Reddy,SRH,28,22,5.0,485,365,28.53,132.88,76*,2,0,31,25,12,0
Noor Ahmad,"GT, CSK",37,13,5.0,20,35,2.5,57.14,7*,0,0,2,0,8,0
O Thomas,RR,4,0,-,0,0,-,-,-,0,0,0,0,1,0
OA Shah,"KKR, RR, KTK",23,22,7.0,506,389,33.73,130.08,76,4,0,34,23,7,0
OC McCoy,RR,8,1,0.0,8,5,8.0,160.0,8,0,0,0,1,1,0
OF Smith,PBKS,6,6,3.0,51,44,17.0,115.91,25*,0,0,1,5,2,0
P Amarnath,CSK,6,0,-,0,0,-,-,-,0,0,0,0,2,0
P Awana,KXIP,33,7,5.0,5,14,2.5,35.71,4*,0,0,0,0,4,0
P Chopra,RR,2,1,0.0,8,6,8.0,133.33,8,0,0,2,0,1,0
P Dharmani,KXIP,1,0,-,0,0,-,-,-,0,0,0,0,0,0
P Dogra,"KKR, RR, KXIP",13,12,1.0,127,138,11.55,92.03,41,0,0,4,5,5,0
P Dubey,"DC, PBKS",5,2,1.0,23,33,23.0,69.7,16,0,0,2,0,2,0
P Kumar,"RCB, MI, SRH, KXIP, GL",119,59,21.0,340,314,8.95,108.28,34,0,0,22,17,13,0
P Negi,"Unknown, DD, RCB, CSK",50,35,9.0,365,289,14.04,126.3,36,0,0,27,16,16,0
P Parameswaran,"RCB, KTK",8,2,2.0,1,2,0.0,50.0,1*,0,0,0,0,0,0
P Prasanth,KTK,1,0,-,0,0,-,-,-,0,0,0,0,0,0
P Ray Barman,RCB,1,1,0.0,19,24,19.0,79.17,19,0,0,2,0,0,0
P Sahu,KXIP,5,2,1.0,19,13,19.0,146.15,18*,0,0,1,1,0,0
P Simran Singh,"KXIP, PBKS",52,52,1.0,1355,887,26.57,152.76,103,8,1,141,71,6,1
P Suyal,MI,5,0,-,0,0,-,-,-,0,0,0,0,1,0
PA Patel,"RCB, DEC, MI, CSK, SRH, KTK",139,137,11.0,2848,2358,22.6,120.78,81,13,0,365,49,69,16
PA Reddy,"SRH, DEC",12,11,1.0,164,160,16.4,102.5,42,0,0,15,2,2,0
PBB Rajapaksa,PBKS,13,13,0.0,277,191,21.31,145.03,50,1,0,22,15,4,0
PC Valthaty,"RR, KXIP",23,23,1.0,505,418,22.95,120.81,120*,2,1,61,20,3,0
PD Collingwood,DD,8,7,2.0,203,156,40.6,130.13,75*,3,0,9,13,3,0
PD Salt,"KKR, DC, RCB",34,34,3.0,1056,601,34.06,175.71,89*,10,0,122,56,26,0
PH Solanki,CSK,2,0,-,0,0,-,-,-,0,0,0,0,0,0
PHKD Mendis,SRH,5,5,1.0,92,69,23.0,133.33,32*,0,0,7,2,1,0
PJ Cummins,"DD, KKR, SRH",72,50,20.0,612,402,20.4,152.24,66*,3,0,39,41,20,0
PJ Sangwan,"DD, MI, GT, KKR, GL",42,15,7.0,26,44,3.25,59.09,6*,0,0,1,0,8,0
PK Garg,"SRH, DC",23,19,1.0,273,241,15.17,113.28,51*,1,0,16,9,11,0
PM Sarvesh Kumar,DEC,2,1,1.0,1,2,0.0,50.0,1*,0,0,0,0,0,0
PN Mankad,"LSG, PBKS",6,6,3.0,97,73,32.33,132.88,64*,1,0,13,2,6,0
PP Chawla,"KKR, MI, KXIP, CSK",192,92,36.0,624,563,11.14,110.83,24*,0,0,56,20,36,0
PP Ojha,"DEC, MI",92,23,11.0,16,45,1.33,35.56,3,0,0,0,0,14,0
PP Shaw,"DD, DC",79,79,0.0,1892,1283,23.95,147.47,99,14,0,238,61,18,0
PR Shah,"RR, MI",16,10,2.0,92,91,11.5,101.1,29,0,0,9,2,10,3
PSP Handscomb,RPS,2,1,0.0,6,12,6.0,50.0,6,0,0,0,0,0,0
PV Tambe,"RR, GL",33,6,4.0,18,39,9.0,46.15,7*,0,0,1,0,1,0
PVD Chameera,"KKR, DC, LSG",20,11,7.0,53,42,13.25,126.19,17,0,0,3,3,3,0
PVSN Raju,MI,2,1,1.0,1,1,0.0,100.0,1*,0,0,0,0,1,0
PWA Mulder,SRH,1,1,0.0,9,11,9.0,81.82,9,0,0,1,0,1,0
PWH de Silva,"RR, RCB",37,19,4.0,81,88,5.4,92.05,18,0,0,7,1,3,0
Pankaj Singh,"RR, RCB",17,5,3.0,7,12,3.5,58.33,4*,0,0,0,0,2,0
Parvez Rasool,"SRH, PWI, RCB",11,5,3.0,17,20,8.5,85.0,10,0,0,1,0,3,0
Prince Yadav,LSG,6,2,2.0,5,10,0.0,50.0,4*,0,0,0,0,2,0
Priyansh Arya,PBKS,18,18,0.0,545,299,30.28,182.27,103,3,1,60,31,8,0
Q de Kock,"DD, MI, LSG, SRH, KKR, RCB",115,115,7.0,3309,2469,30.64,134.02,140*,24,2,325,134,73,16
R Ashwin,"RR, CSK, RPS, DC, KXIP",219,98,34.0,833,705,13.02,118.16,50,1,0,64,29,44,0
R Bhatia,"DD, RPS, KKR, RR",95,49,19.0,342,284,11.4,120.42,26*,0,0,24,13,23,0
R Bishnoi,RCB,3,3,0.0,19,17,6.33,111.76,18,0,0,1,2,1,0
R Dhawan,"Unknown, MI, KXIP, PBKS",39,24,13.0,210,187,19.09,112.3,25*,0,0,18,7,13,0
R Dravid,"RR, RCB",89,82,5.0,2174,1882,28.23,115.52,75*,11,0,269,28,18,0
R Goyal,MI,1,0,-,0,0,-,-,-,0,0,0,0,1,0
R McLaren,"KKR, MI, KXIP",18,13,5.0,159,171,19.88,92.98,51*,1,0,14,1,5,0
R Minz,MI,2,2,0.0,6,15,3.0,40.0,3,0,0,0,0,0,0
R Ninan,RCB,2,1,0.0,3,6,3.0,50.0,3,0,0,0,0,1,0
R Parag,RR,83,72,12.0,1566,1104,26.1,141.85,95,7,0,111,87,45,0
R Powell,"Unknown, KKR, RR, DC",28,23,3.0,365,249,18.25,146.59,67*,1,0,22,28,20,0
R Rampaul,RCB,12,7,2.0,51,50,10.2,102.0,23*,0,0,3,2,4,0
R Ravindra,CSK,18,18,1.0,413,287,24.29,143.9,65*,2,0,40,16,10,0
R Sai Kishore,GT,25,5,1.0,18,16,4.5,112.5,13,0,0,0,2,8,0
R Sanjay Yadav,MI,1,1,0.0,0,2,0.0,0.0,0,0,0,0,0,0,0
R Sathish,"KKR, MI, KXIP",34,25,8.0,270,231,15.88,116.88,27*,0,0,22,6,8,0
R Sharma,"DD, DEC, PWI",44,20,6.0,66,75,4.71,88.0,14*,0,0,5,3,10,0
R Shepherd,"SRH, MI, RCB, LSG",18,12,5.0,185,87,26.43,212.64,53*,1,0,12,17,4,0
R Shukla,"DD, RR, MI",7,4,3.0,19,23,19.0,82.61,14,0,0,2,0,3,0
R Tewatia,"DD, RR, GT, DC, KXIP",108,77,29.0,1112,811,23.17,137.11,53,1,0,90,54,45,0
R Vinay Kumar,"KKR, KTK, MI, RCB",104,46,18.0,310,274,11.07,113.14,26*,0,0,21,9,32,0
RA Bawa,"MI, PBKS",5,3,1.0,19,18,9.5,105.56,11,0,0,1,0,3,0
RA Jadeja,"CSK, RR, KTK, GL",253,198,81.0,3260,2502,27.86,130.3,77*,5,0,240,117,103,0
RA Shaikh,MI,1,0,-,0,0,-,-,-,0,0,0,0,0,0
RA Tripathi,"RR, CSK, SRH, RPS, KKR",100,98,10.0,2291,1662,26.03,137.85,93,12,0,229,85,34,0
RD Chahar,"MI, PBKS, Unknown, SRH, RPS",79,24,8.0,129,124,8.06,104.03,25*,0,0,13,5,20,0
RD Gaikwad,CSK,71,70,8.0,2502,1820,40.35,137.47,108*,20,2,231,95,39,0
RD Rickelton,MI,14,14,1.0,388,257,29.85,150.97,62*,3,0,47,17,11,5
RE Levi,MI,6,6,0.0,83,73,13.83,113.7,50,1,0,10,4,2,0
RE van der Merwe,"DD, RCB",21,15,4.0,159,141,14.45,112.77,35,0,0,11,8,6,0
RG More,CSK,2,1,1.0,2,2,0.0,100.0,2*,0,0,0,0,1,0
RG Sharma,"DEC, MI",272,267,30.0,7046,5334,29.73,132.1,109*,47,2,640,303,101,0
RJ Gleeson,"MI, CSK",3,1,1.0,2,2,0.0,100.0,2*,0,0,0,0,0,0
RJ Harris,"DEC, KXIP",37,21,9.0,117,112,9.75,104.46,17,0,0,6,3,18,0
RJ Peterson,MI,5,5,2.0,32,30,10.67,106.67,16*,0,0,3,1,1,0
RJ Quiney,RR,7,7,0.0,103,102,14.71,100.98,51,1,0,12,3,1,0
RJW Topley,"MI, RCB",6,1,1.0,3,6,0.0,50.0,3*,0,0,0,0,2,0
RK Bhui,"SRH, DC",4,4,0.0,10,26,2.5,38.46,7,0,0,0,0,0,0
RK Singh,KKR,58,51,15.0,1099,757,30.53,145.18,67*,4,0,87,56,41,0
RM Patidar,RCB,42,38,2.0,1111,720,30.86,154.31,112*,9,1,76,68,10,0
RN ten Doeschate,KKR,29,22,8.0,326,235,23.29,138.72,70*,1,0,26,15,7,0
RP Meredith,"MI, PBKS",18,3,3.0,0,3,0.0,0.0,0*,0,0,0,0,2,0
RP Singh,"DEC, KTK, MI, RPS, RCB",82,30,15.0,52,76,3.47,68.42,10,0,0,2,1,27,0
RR Bhatkal,RCB,1,1,0.0,0,2,0.0,0.0,0,0,0,0,0,1,0
RR Bose,KXIP,1,0,-,0,0,-,-,-,0,0,0,0,0,0
RR Pant,"DD, DC, LSG",125,123,19.0,3553,2407,34.16,147.61,128*,19,2,320,170,80,24
RR Powar,"KTK, KXIP",27,10,7.0,67,64,22.33,104.69,28*,0,0,6,1,5,0
RR Raje,MI,10,5,4.0,20,18,20.0,111.11,11*,0,0,1,1,3,0
RR Rossouw,"DC, RCB, PBKS",22,22,2.0,473,308,23.65,153.57,82*,2,0,45,25,10,0
RR Sarwan,KXIP,4,4,0.0,73,75,18.25,97.33,31,0,0,6,1,1,0
RS Bopara,"SRH, KXIP",24,22,4.0,531,453,29.5,117.22,84,3,0,39,16,4,0
RS Gavaskar,KKR,2,1,0.0,2,8,2.0,25.0,2,0,0,0,0,0,0
RS Hangargekar,CSK,2,0,-,0,0,-,-,-,0,0,0,0,0,0
RS Sodhi,KXIP,3,1,1.0,4,2,0.0,200.0,4*,0,0,1,0,2,0
RT Ponting,"KKR, MI",10,9,0.0,91,128,10.11,71.09,28,0,0,5,2,4,0
RV Gomez,"PWI, KTK",13,9,4.0,50,51,10.0,98.04,26*,0,0,5,1,3,0
RV Patel,DC,9,7,2.0,80,73,16.0,109.59,23,0,0,6,2,3,0
RV Pawar,MI,1,0,-,0,0,-,-,-,0,0,0,0,0,0
RV Uthappa,"PWI, RR, MI, CSK, KKR, RCB",205,197,17.0,4952,3799,27.51,130.35,88,27,0,481,182,92,32
RW Price,MI,1,0,-,0,0,-,-,-,0,0,0,0,0,0
Rahmanullah Gurbaz,KKR,18,18,1.0,363,269,21.35,134.94,81,2,0,34,22,17,0
Ramandeep Singh,"Unknown, KKR, MI",30,20,9.0,217,137,19.73,158.39,35,0,0,9,17,16,0
Rashid Khan,"SRH, GT",136,68,26.0,585,365,13.93,160.27,79*,1,0,41,41,47,0
Rasikh Salam,"DC, KKR, MI, RCB",13,6,1.0,40,40,8.0,100.0,10,0,0,5,0,3,0
Ravi Bishnoi,"LSG, KXIP, PBKS",77,18,8.0,45,66,4.5,68.18,13,0,0,2,2,23,0
S Anirudha,"SRH, CSK",20,13,5.0,136,113,17.0,120.35,64,1,0,9,7,11,0
S Aravind,RCB,38,12,8.0,59,57,14.75,103.51,14*,0,0,7,0,5,0
S Badree,"RR, RCB, CSK",12,5,0.0,13,23,2.6,56.52,8,0,0,0,0,2,0
S Badrinath,CSK,94,67,20.0,1441,1212,30.66,118.89,71*,11,0,154,28,16,0
S Chanderpaul,RCB,3,3,0.0,25,31,8.33,80.65,16,0,0,4,0,0,0
S Dhawan,"DD, DEC, MI, PBKS, SRH, DC",222,221,28.0,6769,5324,35.07,127.14,106*,51,2,768,153,100,0
S Dube,"RR, RCB, CSK",79,75,14.0,1859,1294,30.48,143.66,95*,10,0,108,122,23,0
S Gopal,"SRH, RR, MI",52,22,8.0,180,169,12.86,106.51,24,0,0,19,2,5,0
S Joseph,LSG,1,0,-,0,0,-,-,-,0,0,0,0,0,0
S Kaul,"SRH, DD, RCB",55,12,8.0,20,36,5.0,55.56,7*,0,0,1,0,8,0
S Kaushik,GL,10,2,1.0,0,1,0.0,0.0,0*,0,0,0,0,0,0
S Ladda,"DD, KKR, GL",9,2,1.0,0,9,0.0,0.0,0*,0,0,0,0,1,0
S Lamichhane,"DD, DC",9,1,0.0,0,1,0.0,0.0,0,0,0,0,0,1,0
S Midhun,RR,1,0,-,0,0,-,-,-,0,0,0,0,1,0
S Nadeem,"DD, SRH",72,22,8.0,39,87,2.79,44.83,6*,0,0,2,0,11,0
S Narwal,"KKR, RR",7,4,1.0,37,27,12.33,137.04,23,0,0,6,0,1,0
S Rana,"PWI, RCB",11,8,4.0,91,81,22.75,112.35,19*,0,0,9,1,3,0
S Randiv,CSK,8,1,0.0,2,4,2.0,50.0,2,0,0,0,0,2,0
S Sandeep Warrier,"KKR, GT",10,0,-,0,0,-,-,-,0,0,0,0,1,0
S Sohal,"DEC, KXIP",22,20,0.0,368,292,18.4,126.03,62,2,0,34,18,2,0
S Sreesanth,"RR, KTK, KXIP",44,14,10.0,34,55,8.5,61.82,15*,0,0,6,0,3,0
S Sriram,"DD, RCB",2,2,0.0,31,36,15.5,86.11,27,0,0,3,0,0,0
S Tyagi,CSK,14,3,2.0,3,4,3.0,75.0,3*,0,0,0,0,3,0
S Vidyut,CSK,9,8,0.0,145,109,18.12,133.03,54,1,0,21,3,1,0
SA Abbott,"SRH, RCB",3,3,0.0,22,18,7.33,122.22,14,0,0,1,2,0,0
SA Asnodkar,RR,20,20,0.0,423,339,21.15,124.78,60,2,0,56,10,6,0
SA Yadav,"KKR, MI",166,151,28.0,4311,2900,35.05,148.66,103*,29,2,454,168,74,0
SB Bangar,"DEC, KKR",12,8,1.0,49,58,7.0,84.48,17*,0,0,1,3,2,0
SB Dubey,RR,13,11,5.0,139,85,23.17,163.53,34*,0,0,9,10,1,0
SB Jakati,"CSK, RCB, GL",59,8,7.0,28,29,28.0,96.55,13,0,0,3,0,19,0
SB Joshi,RCB,4,2,0.0,6,14,3.0,42.86,3,0,0,0,0,0,0
SB Styris,"DEC, CSK",12,10,3.0,131,133,18.71,98.5,36*,0,0,10,3,2,0
SB Wagh,"PWI, RR",8,2,0.0,2,3,1.0,66.67,2,0,0,0,0,1,0
SC Ganguly,"KKR, PWI",59,56,3.0,1349,1263,25.45,106.81,91,7,0,137,42,22,0
SC Kuggeleijn,CSK,2,0,-,0,0,-,-,-,0,0,0,0,0,0
SD Chitnis,"RR, MI, KXIP",11,8,1.0,99,89,14.14,111.24,38,0,0,10,2,2,0
SD Hope,DC,9,9,1.0,183,122,22.88,150.0,41,0,0,12,12,6,0
SD Lad,MI,1,1,0.0,15,13,15.0,115.38,15,0,0,1,1,0,0
SE Bond,KKR,8,1,0.0,1,2,1.0,50.0,1,0,0,0,0,0,0
SE Marsh,KXIP,71,69,7.0,2477,1866,39.95,132.74,115,20,1,266,78,26,0
SE Rutherford,"GT, DC, RCB",23,20,4.0,397,289,24.81,137.37,46,0,0,25,26,6,0
SH Johnson,"KKR, GT",9,5,5.0,8,11,0.0,72.73,5*,0,0,1,0,2,0
SJ Srivastava,KXIP,14,4,3.0,5,5,5.0,100.0,3*,0,0,0,0,2,0
SK Raina,"CSK, GL",204,200,30.0,5528,4043,32.52,136.73,100*,39,1,506,203,106,0
SK Rasheed,"Unknown, CSK",5,5,0.0,71,63,14.2,112.7,27,0,0,9,2,2,0
SK Trivedi,RR,76,15,8.0,42,59,6.0,71.19,9,0,0,3,1,12,0
SK Warne,RR,55,29,9.0,198,214,9.9,92.52,34*,0,0,14,6,11,0
SL Malinga,MI,122,25,9.0,88,99,5.5,88.89,17,0,0,6,5,15,0
SM Boland,RPS,2,0,-,0,0,-,-,-,0,0,0,0,0,0
SM Curran,"PBKS, KXIP, CSK",64,53,13.0,997,731,24.92,136.39,88,6,0,85,41,24,0
SM Harwood,RR,3,2,2.0,9,14,0.0,64.29,6*,0,0,0,0,2,0
SM Katich,KXIP,11,11,1.0,241,186,24.1,129.57,75,2,0,26,8,2,0
SM Pollock,MI,13,8,0.0,147,111,18.38,132.43,33,0,0,12,8,2,0
SMSM Senanayake,KKR,8,4,3.0,10,17,10.0,58.82,7*,0,0,0,0,2,0
SN Khan,"KXIP, DC, RCB, PBKS",50,37,11.0,585,448,22.5,130.58,67,1,0,63,14,10,0
SN Thakur,"CSK, LSG, RPS, KKR, DC, KXIP",105,42,14.0,325,233,11.61,139.48,68,1,0,30,13,33,0
SO Hetmyer,"RR, DC, RCB",86,79,28.0,1482,976,29.06,151.84,75,5,0,93,93,45,0
SP Fleming,CSK,10,10,1.0,196,165,21.78,118.79,45,0,0,27,3,2,0
SP Goswami,"SRH, KKR, RR, RCB",31,21,1.0,293,295,14.65,99.32,52,1,0,32,3,18,7
SP Jackson,KKR,9,8,2.0,61,57,10.17,107.02,16,0,0,5,1,7,2
SP Narine,KKR,188,122,21.0,1780,1069,17.62,166.51,109,7,1,189,116,27,0
SPD Smith,"RPS, PWI, RR, DC",103,93,21.0,2485,1940,34.51,128.09,101,11,1,225,60,54,0
SR Tendulkar,MI,78,78,9.0,2334,1948,33.83,119.82,100*,13,1,296,29,23,0
SR Watson,"RR, RCB, CSK",145,141,16.0,3874,2809,30.99,137.91,117*,21,4,376,190,38,0
SS Agarwal,GL,1,0,-,0,0,-,-,-,0,0,0,0,0,0
SS Cottrell,KXIP,6,1,0.0,0,2,0.0,0.0,0,0,0,0,0,0,0
SS Iyer,"DD, KKR, DC, PBKS",133,132,23.0,3731,2798,34.23,133.35,97*,27,0,314,152,56,0
SS Mundhe,PWI,1,0,-,0,0,-,-,-,0,0,0,0,0,0
SS Prabhudessai,RCB,11,10,0.0,126,106,12.6,118.87,34,0,0,11,4,10,0
SS Sarkar,KKR,2,0,-,0,0,-,-,-,0,0,0,0,0,0
SS Shaikh,KKR,2,1,0.0,6,7,6.0,85.71,6,0,0,1,0,2,0
SS Tiwary,"DD, RPS, MI, RCB",92,73,21.0,1494,1244,28.73,120.1,61,8,0,111,50,25,0
SSB Magala,CSK,2,0,-,0,0,-,-,-,0,0,0,0,1,0
ST Jayasuriya,MI,30,30,2.0,768,532,27.43,144.36,114*,4,1,84,39,4,0
STR Binny,"RR, MI, RCB",95,68,22.0,880,683,19.13,128.84,48*,0,0,66,35,19,0
SV Samson,"DD, RR",176,172,19.0,4704,3383,30.75,139.05,119,26,3,379,219,86,17
SW Billings,"DD, KKR, CSK",30,27,1.0,503,388,19.35,129.64,56,3,0,40,20,19,1
SW Tait,RR,21,5,2.0,23,26,7.67,88.46,11,0,0,1,1,5,0
SZ Mulani,MI,2,1,1.0,1,1,0.0,100.0,1*,0,0,0,0,0,0
Sachin Baby,"SRH, RR, RCB",20,11,2.0,144,118,16.0,122.03,33,0,0,11,5,5,0
Salman Butt,KKR,7,7,0.0,193,161,27.57,119.88,73,1,0,30,2,2,0
Sameer Rizvi,"DC, CSK",14,9,2.0,172,122,24.57,140.98,58*,1,0,15,9,6,0
Sandeep Sharma,"SRH, RR, KXIP, PBKS",136,28,22.0,60,75,10.0,80.0,9,0,0,4,0,17,0
Sanvir Singh,SRH,6,5,3.0,25,21,12.5,119.05,8*,0,0,2,1,3,0
Saurav Chauhan,RCB,3,3,0.0,18,15,6.0,120.0,9,0,0,1,1,0,0
Sediqullah Atal,DC,1,1,0.0,22,16,22.0,137.5,22,0,0,0,2,0,0
Shahbaz Ahmed,"SRH, RCB, LSG",58,38,9.0,545,448,18.79,121.65,59*,1,0,29,25,20,0
Shahid Afridi,DEC,10,9,1.0,81,46,10.12,176.09,33,0,0,7,6,4,0
Shakib Al Hasan,"SRH, KKR",71,52,12.0,793,637,19.82,124.49,66*,2,0,73,21,13,0
Shashank Singh,"SRH, PBKS",42,33,14.0,773,490,40.68,157.76,68*,5,0,56,43,17,0
Shivam Mavi,"Unknown, KKR",32,12,3.0,51,56,5.67,91.07,20,0,0,4,2,17,0
Shivam Sharma,KXIP,5,2,1.0,5,3,5.0,166.67,4,0,0,1,0,1,0
Shivam Singh,PBKS,1,1,1.0,2,3,0.0,66.67,2*,0,0,0,0,2,0
Shoaib Ahmed,DEC,8,3,1.0,1,6,0.5,16.67,1*,0,0,0,0,4,0
Shoaib Akhtar,KKR,3,1,0.0,2,7,2.0,28.57,2,0,0,0,0,0,0
Shoaib Malik,DD,7,5,1.0,52,47,13.0,110.64,24,0,0,5,0,6,0
Shubman Gill,"KKR, GT",118,115,17.0,3866,2787,39.45,138.72,129,26,4,372,119,45,0
Sikandar Raza,PBKS,9,9,2.0,182,136,26.0,133.82,57,1,0,12,8,5,0
Simarjeet Singh,"SRH, CSK",14,6,3.0,10,15,3.33,66.67,3*,0,0,0,0,3,0
Sohail Tanvir,RR,11,5,2.0,36,29,12.0,124.14,13,0,0,3,1,4,0
Sumit Kumar,DC,4,3,1.0,18,24,9.0,75.0,9*,0,0,2,1,1,0
Sunny Gupta,DD,1,1,0.0,0,1,0.0,0.0,0,0,0,0,0,0,0
Sunny Singh,KXIP,6,5,1.0,43,31,10.75,138.71,20,0,0,6,1,1,0
Suryansh Shedge,PBKS,5,3,0.0,7,11,2.33,63.64,4,0,0,0,0,1,0
Suyash Sharma,"KKR, RCB",27,0,-,0,0,-,-,-,0,0,0,0,2,0
Swapnil Singh,"RCB, KXIP, LSG",14,9,4.0,51,45,10.2,113.33,15*,0,0,3,3,2,0
T Banton,KKR,2,2,0.0,18,20,9.0,90.0,10,0,0,1,1,0,0
T Henderson,RR,2,2,0.0,11,16,5.5,68.75,11,0,0,0,1,0,0
T Kohler-Cadmore,RR,3,3,0.0,48,54,16.0,88.89,20,0,0,7,1,1,0
T Kohli,"RR, KXIP",4,4,1.0,11,19,3.67,57.89,7,0,0,0,1,5,0
T Mishra,DEC,1,0,-,0,0,-,-,-,0,0,0,0,1,0
T Natarajan,"SRH, DC, KXIP",64,4,4.0,3,5,0.0,60.0,3*,0,0,0,0,8,0
T Shamsi,"RR, RCB",5,1,1.0,2,4,0.0,50.0,2*,0,0,0,0,0,0
T Stubbs,"DC, MI",33,30,13.0,705,432,41.47,163.19,71*,3,0,51,37,17,1
T Taibu,KKR,3,3,0.0,31,26,10.33,119.23,15,0,0,3,0,1,0
T Thushara,CSK,6,4,2.0,12,18,6.0,66.67,8,0,0,0,0,3,0
T Vijay,Unknown,0,0,-,0,0,-,-,-,0,0,0,0,1,0
TA Boult,"DD, RR, MI, SRH, KKR, DC",119,29,20.0,85,81,9.44,104.94,17*,0,0,5,3,32,0
TD Paine,PWI,2,2,0.0,10,26,5.0,38.46,8,0,0,0,0,0,0
TG Southee,"RR, MI, CSK, KKR, RCB",54,20,7.0,120,107,9.23,112.15,36*,0,0,8,4,21,0
TH David,"MI, RCB",50,44,18.0,846,488,32.54,173.36,50*,1,0,54,60,29,0
TK Curran,"KKR, RR, DC",13,10,5.0,127,107,25.4,118.69,54*,1,0,10,3,2,0
TL Seifert,"KKR, DC",3,3,0.0,26,23,8.67,113.04,21,0,0,4,0,1,0
TL Suman,"DEC, PWI, MI",43,40,8.0,676,575,21.12,117.57,78*,2,0,55,26,10,0
TM Dilshan,"DD, RCB",51,50,7.0,1153,1007,26.81,114.5,76*,9,0,140,24,21,0
TM Head,"SRH, RCB",38,37,4.0,1146,674,34.73,170.03,102,8,1,126,55,6,0
TM Srivastava,KXIP,7,3,2.0,8,11,8.0,72.73,7,0,0,0,0,2,0
TP Sudhindra,DEC,3,1,1.0,0,0,0.0,0.0,0*,0,0,0,0,0,0
TR Birt,DD,5,5,0.0,75,58,15.0,129.31,27,0,0,9,2,0,0
TS Mills,"MI, RCB",10,5,1.0,8,14,2.0,57.14,6,0,0,0,1,1,0
TU Deshpande,"RR, DC, CSK",46,8,6.0,28,22,14.0,127.27,20*,0,0,2,1,8,0
Tanay Thyagarajan,Unknown,0,0,-,0,0,-,-,-,0,0,0,0,1,0
Tanush Kotian,RR,1,1,0.0,24,31,24.0,77.42,24,0,0,3,0,0,0
Tejas Baroka,GL,1,0,-,0,0,-,-,-,0,0,0,0,0,0
Tilak Varma,MI,54,51,11.0,1499,1038,37.48,144.41,84*,8,0,113,74,32,0
U Kaul,KXIP,5,1,1.0,0,1,0.0,0.0,0*,0,0,0,0,2,0
UA Birla,PWI,2,1,0.0,7,14,7.0,50.0,7,0,0,1,0,1,0
UBT Chand,"DD, RR, MI",21,20,0.0,300,300,15.0,100.0,58,1,0,32,9,9,0
UT Khawaja,RPS,6,6,0.0,127,100,21.17,127.0,30,0,0,14,3,1,0
UT Yadav,"DD, KKR, GT, RCB",148,52,31.0,208,201,9.9,103.48,24*,0,0,16,9,36,0
Umar Gul,KKR,6,4,1.0,39,19,13.0,205.26,24,0,0,1,5,0,0
Umran Malik,SRH,26,6,4.0,23,16,11.5,143.75,19*,0,0,1,2,4,0
Urvil Patel,CSK,3,3,0.0,68,32,22.67,212.5,37,0,0,5,6,2,0
V Kaverappa,PBKS,1,0,-,0,0,-,-,-,0,0,0,0,0,0
V Kohli,RCB,266,259,40.0,8661,6519,39.55,132.86,113*,63,8,772,292,117,0
V Nigam,DC,14,8,1.0,142,79,20.29,179.75,39,0,0,16,8,3,0
V Pratap Singh,DEC,9,1,0.0,0,1,0.0,0.0,0,0,0,0,0,0,0
V Puthur,MI,5,0,-,0,0,-,-,-,0,0,0,0,1,0
V Sehwag,"DD, KXIP",104,104,5.0,2728,1755,27.56,155.44,122,16,2,334,106,34,0
V Shankar,"DD, Unknown, GT, CSK, SRH",78,65,18.0,1233,950,26.23,129.79,69*,7,0,88,48,35,0
V Suryavanshi,RR,7,7,0.0,252,122,36.0,206.56,101,1,1,18,24,0,0
V Viyaskanth,SRH,3,1,1.0,7,5,0.0,140.0,7*,0,0,0,0,2,0
VG Arora,"KKR, PBKS",32,10,6.0,9,24,2.25,37.5,2*,0,0,0,0,9,0
VH Zol,RCB,3,2,0.0,29,26,14.5,111.54,16,0,0,3,1,0,0
VR Aaron,"DD, RCB, RR, GT, KXIP",52,13,8.0,50,72,10.0,69.44,17*,0,0,2,2,3,0
VR Iyer,KKR,61,56,7.0,1468,1069,29.96,137.32,104,12,1,136,65,22,0
VRV Singh,KXIP,19,2,0.0,4,3,2.0,133.33,4,0,0,1,0,3,0
VS Malik,"RR, KXIP",13,2,1.0,7,7,7.0,100.0,6,0,0,1,0,2,0
VS Yeligati,MI,2,1,0.0,2,2,2.0,100.0,2,0,0,0,0,0,0
VVS Laxman,"DEC, KTK",20,20,1.0,282,267,14.84,105.62,52,1,0,33,5,4,0
VY Mahesh,"DD, CSK",17,5,3.0,15,27,7.5,55.56,6*,0,0,0,0,6,0
Vijaykumar Vyshak,"RCB, PBKS",16,4,2.0,14,12,7.0,116.67,13*,0,0,0,1,5,0
Virat Singh,SRH,3,2,0.0,15,26,7.5,57.69,11,0,0,1,0,2,0
Vishnu Vinod,"MI, RCB",6,6,0.0,56,57,9.33,98.25,30,0,0,3,3,1,2
Vivrant Sharma,SRH,3,1,0.0,69,47,69.0,146.81,69,1,0,9,2,0,0
W Jaffer,RCB,8,8,0.0,130,121,16.25,107.44,50,1,0,14,3,4,0
W O'Rourke,LSG,3,0,-,0,0,-,-,-,0,0,0,0,1,0
WA Mota,KXIP,12,8,2.0,56,75,9.33,74.67,25,0,0,2,0,5,0
WD Parnell,"DD, PWI, RCB",33,14,4.0,65,80,6.5,81.25,16,0,0,4,1,10,0
WG Jacks,"MI, RCB",21,19,2.0,463,303,27.24,152.81,100*,2,1,38,29,9,0
WP Saha,"GT, CSK, SRH, KKR, KXIP",169,145,24.0,2934,2300,24.25,127.57,115*,13,1,296,87,93,26
WPUJC Vaas,DEC,13,11,3.0,81,73,10.12,110.96,20,0,0,2,3,0,0
Washington Sundar,"SRH, RPS, GT, RCB",66,45,12.0,511,405,15.48,126.17,49,0,0,42,16,14,0
X Thalaivan Sargunam,SRH,1,1,0.0,10,17,10.0,58.82,10,0,0,0,0,0,0
XC Bartlett,PBKS,4,1,0.0,11,15,11.0,73.33,11,0,0,1,0,5,0
Y Gnaneswara Rao,KTK,2,1,0.0,19,17,19.0,111.76,19,0,0,3,0,2,0
Y Nagar,DD,26,20,6.0,285,259,20.36,110.04,44*,0,0,20,9,7,0
Y Prithvi Raj,KKR,2,1,1.0,0,1,0.0,0.0,0*,0,0,0,0,0,0
Y Venugopal Rao,"DD, DEC, SRH",65,54,10.0,985,836,22.39,117.82,71*,3,0,77,37,13,0
YA Abdulla,KXIP,11,1,1.0,0,1,0.0,0.0,0*,0,0,0,0,0,0
YBK Jaiswal,RR,66,66,3.0,2166,1417,34.38,152.86,124,15,2,259,92,28,0
YK Pathan,"SRH, KKR, RR",174,154,44.0,3204,2241,29.13,142.97,100,13,1,262,159,41,0
YS Chahal,"RR, MI, RCB, PBKS",175,20,13.0,37,86,5.29,43.02,8*,0,0,0,0,28,0
YV Dhull,DC,4,3,0.0,16,23,5.33,69.57,13,0,0,1,0,2,0
YV Takawale,"MI, RCB",16,10,2.0,192,178,24.0,107.87,45,0,0,26,3,13,4
Yash Dayal,"GT, RCB",43,4,1.0,4,9,1.33,44.44,3,0,0,0,0,8,0
Yash Thakur,"PBKS, LSG",21,0,-,0,0,-,-,-,0,0,0,0,2,0
Yashpal Singh,KKR,8,4,0.0,47,66,11.75,71.21,20,0,0,5,0,3,0
Younis Khan,RR,1,1,0.0,3,7,3.0,42.86,3,0,0,0,0,1,0
Yudhvir Singh,"RR, LSG",9,4,0.0,22,16,5.5,137.5,14,0,0,1,2,0,0
Yuvraj Singh,"RCB, DD, PWI, MI, SRH, KXIP",132,126,15.0,2750,2120,24.77,129.72,83,13,0,217,149,29,0
Z Khan,"DD, MI, RCB",99,32,18.0,117,141,8.36,82.98,23*,0,0,11,2,20,0
Zeeshan Ansari,SRH,10,0,-,0,0,-,-,-,0,0,0,0,3,0
